-- ============================================
-- FixPoint Database Backup
-- Generated: 2026-04-09 04:49:55
-- Database: fixpoint
-- ============================================

SET FOREIGN_KEY_CHECKS = 0;
SET SQL_MODE = 'NO_AUTO_VALUE_ON_ZERO';

-- ============================================
-- Table: assignment
-- ============================================
DROP TABLE IF EXISTS `assignment`;
CREATE TABLE `assignment` (
  `AssignmentID` int(11) NOT NULL AUTO_INCREMENT,
  `RequestID` int(11) NOT NULL,
  `TechnicianID` int(11) NOT NULL,
  `AdminID` int(11) NOT NULL,
  `AssignedAt` timestamp NOT NULL DEFAULT current_timestamp(),
  `StartedAt` timestamp NULL DEFAULT NULL,
  `CompletedAt` timestamp NULL DEFAULT NULL,
  PRIMARY KEY (`AssignmentID`),
  KEY `AdminID` (`AdminID`),
  KEY `idx_request` (`RequestID`),
  KEY `idx_technician` (`TechnicianID`),
  CONSTRAINT `assignment_ibfk_1` FOREIGN KEY (`RequestID`) REFERENCES `maintenancerequest` (`RequestID`),
  CONSTRAINT `assignment_ibfk_2` FOREIGN KEY (`TechnicianID`) REFERENCES `user` (`UserID`),
  CONSTRAINT `assignment_ibfk_3` FOREIGN KEY (`AdminID`) REFERENCES `user` (`UserID`)
) ENGINE=InnoDB AUTO_INCREMENT=33 DEFAULT CHARSET=utf8mb4 COLLATE=utf8mb4_unicode_ci;

INSERT INTO `assignment` (`AssignmentID`, `RequestID`, `TechnicianID`, `AdminID`, `AssignedAt`, `StartedAt`, `CompletedAt`) VALUES
('1', '1', '2', '1', '2026-01-21 23:02:37', '2026-01-21 23:03:14', '2026-01-21 23:03:24'),
('2', '2', '2', '1', '2026-02-16 01:00:25', '2026-02-16 01:01:03', '2026-02-16 01:01:08'),
('3', '3', '2', '1', '2026-02-16 19:30:54', '2026-02-16 19:31:34', '2026-02-16 19:31:51'),
('4', '4', '3', '1', '2026-02-17 22:24:03', NULL, NULL),
('5', '5', '3', '1', '2026-02-18 21:18:54', NULL, NULL),
('6', '6', '3', '1', '2026-02-18 22:02:52', NULL, NULL),
('7', '7', '3', '1', '2026-03-03 00:58:43', NULL, NULL),
('8', '8', '3', '1', '2026-03-03 01:37:06', NULL, NULL),
('9', '9', '2', '1', '2026-03-03 02:28:30', NULL, NULL),
('10', '10', '2', '1', '2026-03-03 02:47:19', NULL, NULL),
('11', '11', '2', '1', '2026-03-03 02:54:57', NULL, NULL),
('12', '12', '2', '1', '2026-03-03 03:07:27', NULL, NULL),
('13', '13', '2', '1', '2026-03-04 00:22:54', '2026-03-04 21:37:22', '2026-03-04 21:37:39'),
('14', '14', '2', '1', '2026-03-04 21:22:45', NULL, NULL),
('15', '15', '2', '1', '2026-03-17 20:51:09', '2026-03-17 20:51:42', '2026-03-17 20:51:50'),
('16', '16', '2', '1', '2026-03-31 22:36:00', NULL, NULL),
('17', '17', '3', '1', '2026-03-31 23:17:12', NULL, NULL),
('18', '18', '2', '1', '2026-04-01 03:22:33', NULL, NULL),
('19', '19', '2', '1', '2026-04-01 03:45:04', NULL, NULL),
('20', '20', '2', '1', '2026-04-04 20:36:55', NULL, NULL),
('21', '21', '3', '1', '2026-04-04 20:38:08', NULL, NULL);

-- ============================================
-- Table: auditlog
-- ============================================
DROP TABLE IF EXISTS `auditlog`;
CREATE TABLE `auditlog` (
  `AuditID` int(11) NOT NULL AUTO_INCREMENT,
  `UserID` int(11) DEFAULT NULL,
  `Action` varchar(100) NOT NULL,
  `TableName` varchar(100) DEFAULT NULL,
  `RecordID` int(11) DEFAULT NULL,
  `OldValue` text DEFAULT NULL,
  `NewValue` text DEFAULT NULL,
  `IPAddress` varchar(45) DEFAULT NULL,
  `PerformedAt` timestamp NOT NULL DEFAULT current_timestamp(),
  PRIMARY KEY (`AuditID`),
  KEY `idx_user` (`UserID`),
  KEY `idx_action` (`Action`),
  KEY `idx_table` (`TableName`),
  KEY `idx_date` (`PerformedAt`),
  CONSTRAINT `auditlog_ibfk_1` FOREIGN KEY (`UserID`) REFERENCES `user` (`UserID`) ON DELETE SET NULL
) ENGINE=InnoDB AUTO_INCREMENT=134 DEFAULT CHARSET=utf8mb4 COLLATE=utf8mb4_unicode_ci;

INSERT INTO `auditlog` (`AuditID`, `UserID`, `Action`, `TableName`, `RecordID`, `OldValue`, `NewValue`, `IPAddress`, `PerformedAt`) VALUES
('1', '1', 'ASSIGN_TECHNICIAN', 'assignment', '3', NULL, 'TechnicianID: 2', '::1', '2026-02-16 19:30:54'),
('2', '2', 'UPDATE_STATUS', 'maintenancerequest', '3', 'Status: Assigned', 'Status: In Progress', '::1', '2026-02-16 19:31:34'),
('3', '2', 'UPDATE_STATUS', 'maintenancerequest', '3', 'Status: Assigned', 'Status: In Progress', '::1', '2026-02-16 19:31:51'),
('4', '4', 'SUBMIT_FEEDBACK', 'feedback', '3', NULL, 'Rating: 5', '::1', '2026-02-16 19:37:00'),
('5', '10', 'SUBMIT_REQUEST', 'maintenancerequest', '4', NULL, NULL, '::1', '2026-02-17 22:24:03'),
('6', '1', 'AUTO_ASSIGN', 'assignment', '4', NULL, 'Auto-assigned to Khalid Abdullah (UserID: 3) - Active tasks: 0', '::1', '2026-02-17 22:24:03'),
('7', '1', 'UPDATE_STATUS', 'maintenancerequest', '4', 'Status: ', 'Status: ', '::1', '2026-02-17 22:24:37'),
('8', '4', 'SUBMIT_REQUEST', 'maintenancerequest', '5', NULL, NULL, '::1', '2026-02-18 21:18:53'),
('9', '1', 'AUTO_ASSIGN', 'assignment', '5', NULL, 'Auto-assigned to Khalid Abdullah (UserID: 3) - Active tasks: 0', '::1', '2026-02-18 21:18:54'),
('10', '1', 'UPDATE_STATUS', 'maintenancerequest', '5', 'Status: ', 'Status: ', '::1', '2026-02-18 21:20:32'),
('11', '4', 'SUBMIT_FEEDBACK', 'feedback', '5', NULL, 'Rating: 5', '::1', '2026-02-18 21:22:30'),
('12', '4', 'SUBMIT_REQUEST', 'maintenancerequest', '6', NULL, NULL, '::1', '2026-02-18 22:02:51'),
('13', '1', 'AUTO_ASSIGN', 'assignment', '6', NULL, 'Auto-assigned to Khalid Abdullah (UserID: 3) - Active tasks: 0', '::1', '2026-02-18 22:02:52'),
('14', '1', 'UPDATE_STATUS', 'maintenancerequest', '6', 'Status: ', 'Status: ', '::1', '2026-02-18 22:04:49'),
('15', '4', 'SUBMIT_REQUEST', 'maintenancerequest', '7', NULL, NULL, '::1', '2026-03-03 00:58:41'),
('16', '1', 'AUTO_ASSIGN', 'assignment', '7', NULL, 'Auto-assigned to Khalid Abdullah (UserID: 3) - Active tasks: 0', '::1', '2026-03-03 00:58:43'),
('17', '1', 'STATUS_CHANGED', 'maintenancerequest', '7', 'Status: 5', 'Status: 5', '::1', '2026-03-03 01:34:23'),
('18', '4', 'SUBMIT_FEEDBACK', 'feedback', '7', NULL, 'Rating: 5', '::1', '2026-03-03 01:36:14'),
('19', '4', 'SUBMIT_REQUEST', 'maintenancerequest', '8', NULL, NULL, '::1', '2026-03-03 01:37:05'),
('20', '1', 'AUTO_ASSIGN', 'assignment', '8', NULL, 'Auto-assigned to Khalid Abdullah (UserID: 3) - Active tasks: 0', '::1', '2026-03-03 01:37:06'),
('21', '1', 'STATUS_CHANGED', 'maintenancerequest', '8', 'Status: 3', 'Status: 5', '::1', '2026-03-03 01:37:41'),
('22', '4', 'SUBMIT_FEEDBACK', 'feedback', '8', NULL, 'Rating: 5', '::1', '2026-03-03 01:40:16'),
('23', '7', 'SUBMIT_REQUEST', 'maintenancerequest', '9', NULL, NULL, '::1', '2026-03-03 02:28:28'),
('24', '1', 'AUTO_ASSIGN', 'assignment', '9', NULL, 'Auto-assigned to Ahmed Hassan (UserID: 2) - Active tasks: 0', '::1', '2026-03-03 02:28:30'),
('25', '1', 'STATUS_CHANGED', 'maintenancerequest', '9', 'Status: 3', 'Status: 5', '::1', '2026-03-03 02:29:24'),
('26', '7', 'SUBMIT_FEEDBACK', 'feedback', '9', NULL, 'Rating: 5', '::1', '2026-03-03 02:34:29'),
('27', '7', 'SUBMIT_REQUEST', 'maintenancerequest', '10', NULL, NULL, '::1', '2026-03-03 02:47:18'),
('28', '1', 'AUTO_ASSIGN', 'assignment', '10', NULL, 'Auto-assigned to Ahmed Hassan (UserID: 2) - Active tasks: 0', '::1', '2026-03-03 02:47:19'),
('29', '1', 'STATUS_CHANGED', 'maintenancerequest', '10', 'Status: 3', 'Status: 5', '::1', '2026-03-03 02:51:47'),
('30', '6', 'SUBMIT_REQUEST', 'maintenancerequest', '11', NULL, NULL, '::1', '2026-03-03 02:54:56'),
('31', '1', 'AUTO_ASSIGN', 'assignment', '11', NULL, 'Auto-assigned to Ahmed Hassan (UserID: 2) - Active tasks: 0', '::1', '2026-03-03 02:54:57'),
('32', '1', 'STATUS_CHANGED', 'maintenancerequest', '11', 'Status: 3', 'Status: 5', '::1', '2026-03-03 02:58:10'),
('33', '1', 'STATUS_CHANGED', 'maintenancerequest', '7', 'Status: 5', 'Status: 4', '::1', '2026-03-03 03:02:32'),
('34', '1', 'STATUS_CHANGED', 'maintenancerequest', '7', 'Status: 4', 'Status: 5', '::1', '2026-03-03 03:02:39'),
('35', '8', 'SUBMIT_REQUEST', 'maintenancerequest', '12', NULL, NULL, '::1', '2026-03-03 03:07:26'),
('36', '1', 'AUTO_ASSIGN', 'assignment', '12', NULL, 'Auto-assigned to Ahmed Hassan (UserID: 2) - Active tasks: 0', '::1', '2026-03-03 03:07:27'),
('38', '1', 'STATUS_CHANGED', 'maintenancerequest', '12', 'Status: 5', 'Status: 3', '::1', '2026-03-03 23:33:30'),
('39', '1', 'STATUS_CHANGED', 'maintenancerequest', '12', 'Status: 3', 'Status: 5', '::1', '2026-03-03 23:35:08'),
('40', '12', 'SUBMIT_REQUEST', 'maintenancerequest', '13', NULL, NULL, '::1', '2026-03-04 00:22:52'),
('41', '1', 'AUTO_ASSIGN', 'assignment', '13', NULL, 'Auto-assigned to Ahmed Hassan (UserID: 2) - Active tasks: 0', '::1', '2026-03-04 00:22:54'),
('42', '2', 'UPDATE_STATUS', 'maintenancerequest', '13', 'Status: Assigned', 'Status: In Progress', '::1', '2026-03-04 00:23:36'),
('43', '2', 'UPDATE_STATUS', 'maintenancerequest', '13', 'Status: Assigned', 'Status: In Progress', '::1', '2026-03-04 00:23:46'),
('44', '1', 'STATUS_CHANGED', 'maintenancerequest', '13', 'Status: 5', 'Status: 1', '::1', '2026-03-04 00:31:42'),
('45', '12', 'SUBMIT_REQUEST', 'maintenancerequest', '14', NULL, NULL, '::1', '2026-03-04 21:22:43'),
('46', '1', 'AUTO_ASSIGN', 'assignment', '14', NULL, 'Auto-assigned to Ahmed Hassan (UserID: 2) - Active tasks: 0', '::1', '2026-03-04 21:22:45'),
('47', '2', 'PRIORITY_CHANGED', 'maintenancerequest', '13', 'PriorityID: 1', 'PriorityID: 2', '::1', '2026-03-04 21:26:23'),
('48', '2', 'UPDATE_STATUS', 'maintenancerequest', '14', 'Status: Assigned', 'Status: In Progress', '::1', '2026-03-04 21:26:41'),
('49', '2', 'UPDATE_STATUS', 'maintenancerequest', '14', 'Status: Assigned', 'Status: In Progress', '::1', '2026-03-04 21:26:47'),
('50', '1', 'STATUS_CHANGED', 'maintenancerequest', '13', 'Status: 1', 'Status: 5', '::1', '2026-03-04 21:30:25'),
('51', '1', 'STATUS_CHANGED', 'maintenancerequest', '13', 'Status: 5', 'Status: 1', '::1', '2026-03-04 21:30:34'),
('52', '2', 'PRIORITY_CHANGED', 'maintenancerequest', '13', 'PriorityID: 2', 'PriorityID: 1', '::1', '2026-03-04 21:37:03'),
('53', '2', 'PRIORITY_CHANGED', 'maintenancerequest', '13', 'PriorityID: 1', 'PriorityID: 2', '::1', '2026-03-04 21:37:09'),
('54', '2', 'PRIORITY_CHANGED', 'maintenancerequest', '13', 'PriorityID: 2', 'PriorityID: 3', '::1', '2026-03-04 21:37:13'),
('55', '2', 'PRIORITY_CHANGED', 'maintenancerequest', '13', 'PriorityID: 3', 'PriorityID: 4', '::1', '2026-03-04 21:37:17'),
('56', '2', 'PRIORITY_CHANGED', 'maintenancerequest', '13', 'PriorityID: 4', 'PriorityID: 2', '::1', '2026-03-04 21:37:21'),
('57', '2', 'UPDATE_STATUS', 'maintenancerequest', '13', 'Status: Assigned', 'Status: In Progress', '::1', '2026-03-04 21:37:22'),
('58', '2', 'UPDATE_STATUS', 'maintenancerequest', '13', 'Status: Assigned', 'Status: In Progress', '::1', '2026-03-04 21:37:39'),
('59', '1', 'STATUS_CHANGED', 'maintenancerequest', '14', 'Status: 5', 'Status: 1', '::1', '2026-03-04 23:27:06'),
('60', '1', 'PRIORITY_CHANGED', 'maintenancerequest', '14', 'PriorityID: 2', 'PriorityID: 1', '::1', '2026-03-04 23:27:15'),
('61', '1', 'PRIORITY_CHANGED', 'maintenancerequest', '14', 'PriorityID: 1', 'PriorityID: 2', '::1', '2026-03-04 23:27:21'),
('62', '2', 'UPDATE_STATUS', 'maintenancerequest', '14', 'Status: Assigned', 'Status: In Progress', '::1', '2026-03-04 23:27:48'),
('63', '1', 'STATUS_CHANGED', 'maintenancerequest', '14', 'Status: 4', 'Status: 3', '::1', '2026-03-04 23:28:15'),
('64', '2', 'UPDATE_STATUS', 'maintenancerequest', '14', 'Status: Assigned', 'Status: In Progress', '::1', '2026-03-04 23:28:44'),
('65', '2', 'UPDATE_STATUS', 'maintenancerequest', '14', 'Status: Assigned', 'Status: In Progress', '::1', '2026-03-04 23:29:27'),
('66', '1', 'STATUS_CHANGED', 'maintenancerequest', '14', 'Status: 5', 'Status: 3', '::1', '2026-03-05 08:03:42'),
('67', '1', 'PRIORITY_CHANGED', 'maintenancerequest', '14', 'PriorityID: 2', 'PriorityID: 3', '::1', '2026-03-05 08:03:58'),
('68', '1', 'PRIORITY_CHANGED', 'maintenancerequest', '14', 'PriorityID: 3', 'PriorityID: 2', '::1', '2026-03-05 08:04:01'),
('69', '2', 'PRIORITY_CHANGED', 'maintenancerequest', '14', 'PriorityID: 2', 'PriorityID: 4', '::1', '2026-03-05 08:04:22'),
('70', '2', 'PRIORITY_CHANGED', 'maintenancerequest', '14', 'PriorityID: 4', 'PriorityID: 2', '::1', '2026-03-05 08:04:24'),
('71', '2', 'PRIORITY_CHANGED', 'maintenancerequest', '14', 'PriorityID: 2', 'PriorityID: 1', '::1', '2026-03-05 08:06:08'),
('72', '2', 'UPDATE_STATUS', 'maintenancerequest', '14', 'Status: Assigned', 'Status: In Progress', '::1', '2026-03-05 08:06:40'),
('73', '2', 'UPDATE_STATUS', 'maintenancerequest', '14', 'Status: Assigned', 'Status: In Progress', '::1', '2026-03-05 08:06:50'),
('74', '1', 'STATUS_CHANGED', 'maintenancerequest', '14', 'Status: 5', 'Status: 3', '::1', '2026-03-11 07:00:13'),
('75', '1', 'PRIORITY_CHANGED', 'maintenancerequest', '14', 'PriorityID: 1', 'PriorityID: 2', '::1', '2026-03-11 07:00:17'),
('76', '1', 'PRIORITY_CHANGED', 'maintenancerequest', '14', 'PriorityID: 2', 'PriorityID: 3', '::1', '2026-03-11 07:00:20'),
('77', '1', 'STATUS_CHANGED', 'maintenancerequest', '14', 'Status: 3', 'Status: 5', '::1', '2026-03-11 07:00:27'),
('78', '10', 'SUBMIT_REQUEST', 'maintenancerequest', '15', NULL, NULL, '::1', '2026-03-17 20:51:07'),
('79', '1', 'AUTO_ASSIGN', 'assignment', '15', NULL, 'Auto-assigned to Ahmed Hassan (UserID: 2) - Active tasks: 0', '::1', '2026-03-17 20:51:09'),
('80', '2', 'UPDATE_STATUS', 'maintenancerequest', '15', 'Status: Assigned', 'Status: In Progress', '::1', '2026-03-17 20:51:42'),
('81', '2', 'UPDATE_STATUS', 'maintenancerequest', '15', 'Status: Assigned', 'Status: In Progress', '::1', '2026-03-17 20:51:50'),
('82', '10', 'SUBMIT_FEEDBACK', 'feedback', '15', NULL, 'Rating: 5', '::1', '2026-03-17 20:52:22'),
('83', '1', 'STATUS_CHANGED', 'maintenancerequest', '14', 'Status: 5', 'Status: 3', '::1', '2026-03-17 23:08:19'),
('84', '1', 'PRIORITY_CHANGED', 'maintenancerequest', '14', 'PriorityID: 3', 'PriorityID: 4', '::1', '2026-03-17 23:08:22'),
('85', '1', 'STATUS_CHANGED', 'maintenancerequest', '14', 'Status: 3', 'Status: 5', '::1', '2026-03-17 23:08:41'),
('86', '4', 'SUBMIT_REQUEST', 'maintenancerequest', '16', NULL, NULL, '::1', '2026-03-31 22:35:55'),
('87', '1', 'AUTO_ASSIGN', 'assignment', '16', NULL, 'Auto-assigned to Ahmed Hassan (UserID: 2) - Active tasks: 0', '::1', '2026-03-31 22:36:00'),
('88', '1', 'STATUS_CHANGED', 'maintenancerequest', '16', 'Status: 3', 'Status: 6', '::1', '2026-03-31 22:38:33'),
('89', '4', 'SUBMIT_REQUEST', 'maintenancerequest', '17', NULL, NULL, '::1', '2026-03-31 23:17:10'),
('90', '1', 'AUTO_ASSIGN', 'assignment', '17', NULL, 'Auto-assigned to Khalid Abdullah (UserID: 3) - Active tasks: 0', '::1', '2026-03-31 23:17:12'),
('91', '12', 'SUBMIT_REQUEST', 'maintenancerequest', '18', NULL, NULL, '::1', '2026-04-01 03:22:31'),
('92', '1', 'AUTO_ASSIGN', 'assignment', '18', NULL, 'Auto-assigned to Ahmed Hassan (UserID: 2) - Active tasks: 0', '::1', '2026-04-01 03:22:33'),
('93', '1', 'STATUS_CHANGED', 'maintenancerequest', '18', 'Status: 3', 'Status: 4', '::1', '2026-04-01 03:27:12'),
('94', '1', 'STATUS_CHANGED', 'maintenancerequest', '18', 'Status: 4', 'Status: 5', '::1', '2026-04-01 03:27:52'),
('95', '12', 'SUBMIT_REQUEST', 'maintenancerequest', '19', NULL, NULL, '::1', '2026-04-01 03:45:00'),
('96', '1', 'AUTO_ASSIGN', 'assignment', '19', NULL, 'Auto-assigned to Ahmed Hassan (UserID: 2) - Active tasks: 0', '::1', '2026-04-01 03:45:04'),
('97', '1', 'STATUS_CHANGED', 'maintenancerequest', '19', 'Status: 3', 'Status: 5', '::1', '2026-04-01 03:45:52'),
('98', '1', 'STATUS_CHANGED', 'maintenancerequest', '17', 'Status: 3', 'Status: 5', '::1', '2026-04-01 03:46:15'),
('99', '10', 'SUBMIT_REQUEST', 'maintenancerequest', '20', NULL, NULL, '::1', '2026-04-04 20:36:52'),
('100', '1', 'AUTO_ASSIGN', 'assignment', '20', NULL, 'Auto-assigned to Ahmed Hassan (UserID: 2) - Active tasks: 0', '::1', '2026-04-04 20:36:55'),
('101', '10', 'SUBMIT_REQUEST', 'maintenancerequest', '21', NULL, NULL, '::1', '2026-04-04 20:38:05'),
('102', '1', 'AUTO_ASSIGN', 'assignment', '21', NULL, 'Auto-assigned to Khalid Abdullah (UserID: 3) - Active tasks: 0', '::1', '2026-04-04 20:38:08'),
('103', '1', 'STATUS_CHANGED', 'maintenancerequest', '21', 'Status: 3', 'Status: 5', '::1', '2026-04-04 20:56:05'),
('104', '1', 'STATUS_CHANGED', 'maintenancerequest', '20', 'Status: 3', 'Status: 5', '::1', '2026-04-04 20:56:15'),
('105', '6', 'SUBMIT_REQUEST', 'maintenancerequest', '22', NULL, NULL, '::1', '2026-04-05 21:43:25'),
('106', '1', 'AUTO_ASSIGN', 'assignment', '22', NULL, 'Auto-assigned to Ahmed Hassan (UserID: 2) - Active tasks: 0', '::1', '2026-04-05 21:43:28'),
('107', '6', 'SUBMIT_REQUEST', 'maintenancerequest', '23', NULL, NULL, '::1', '2026-04-05 21:47:36'),
('108', '1', 'AUTO_ASSIGN', 'assignment', '23', NULL, 'Auto-assigned to Khalid Abdullah (UserID: 3) - Active tasks: 0', '::1', '2026-04-05 21:47:39'),
('109', '10', 'SUBMIT_REQUEST', 'maintenancerequest', '24', NULL, NULL, '::1', '2026-04-06 01:31:49'),
('110', '1', 'AUTO_ASSIGN', 'assignment', '24', NULL, 'Auto-assigned to Khalid Abdullah (UserID: 3) - Active tasks: 0', '::1', '2026-04-06 01:31:52'),
('111', '10', 'SUBMIT_REQUEST', 'maintenancerequest', '25', NULL, NULL, '::1', '2026-04-06 01:34:39'),
('112', '1', 'AUTO_ASSIGN', 'assignment', '25', NULL, 'Auto-assigned to Ahmed Hassan (UserID: 2) - Active tasks: 0', '::1', '2026-04-06 01:34:44'),
('113', '4', 'SUBMIT_REQUEST', 'maintenancerequest', '26', NULL, NULL, '::1', '2026-04-06 16:22:22'),
('114', '1', 'AUTO_ASSIGN', 'assignment', '26', NULL, 'Auto-assigned to Khalid Abdullah (UserID: 3) - Active tasks: 0', '::1', '2026-04-06 16:22:26'),
('115', '4', 'SUBMIT_REQUEST', 'maintenancerequest', '27', NULL, NULL, '::1', '2026-04-06 16:35:48'),
('116', '1', 'AUTO_ASSIGN', 'assignment', '27', NULL, 'Auto-assigned to Khalid Abdullah (UserID: 3) - Active tasks: 0', '::1', '2026-04-06 16:35:52'),
('117', '4', 'SUBMIT_REQUEST', 'maintenancerequest', '28', NULL, NULL, '::1', '2026-04-06 16:38:13'),
('118', '1', 'AUTO_ASSIGN', 'assignment', '28', NULL, 'Auto-assigned to Ahmed Hassan (UserID: 2) - Active tasks: 0', '::1', '2026-04-06 16:38:16'),
('119', '4', 'SUBMIT_REQUEST', 'maintenancerequest', '29', NULL, NULL, '::1', '2026-04-06 16:54:19'),
('120', '1', 'AUTO_ASSIGN', 'assignment', '29', NULL, 'Auto-assigned to Ahmed Hassan (UserID: 2) - Active tasks: 0', '::1', '2026-04-06 16:54:19'),
('121', '4', 'SUBMIT_REQUEST', 'maintenancerequest', '30', NULL, NULL, '::1', '2026-04-06 20:48:00'),
('122', '1', 'AUTO_ASSIGN', 'assignment', '30', NULL, 'Auto-assigned to Khalid Abdullah (UserID: 3) - Active tasks: 0', '::1', '2026-04-06 20:48:00'),
('123', '4', 'REQUEST_CANCELLED_BY_USER', 'maintenancerequest', '30', 'Status: 3', 'Status: 6 (Cancelled)', '::1', '2026-04-06 20:48:26'),
('124', '12', 'PASSWORD_RESET', 'user', '12', NULL, 'Password reset via forgot password', '::1', '2026-04-08 22:12:42'),
('125', '4', 'SUBMIT_REQUEST', 'maintenancerequest', '31', NULL, NULL, '::1', '2026-04-08 23:59:42'),
('126', '1', 'AUTO_ASSIGN', 'assignment', '31', NULL, 'Auto-assigned to Ahmed Hassan (UserID: 2) - Active tasks: 0', '::1', '2026-04-08 23:59:42'),
('127', '4', 'REQUEST_CANCELLED_BY_USER', 'maintenancerequest', '31', 'Status: 3', 'Status: 6 (Cancelled)', '::1', '2026-04-09 00:00:17'),
('128', '12', 'PASSWORD_RESET', 'user', '12', NULL, 'Password reset via forgot password', '::1', '2026-04-09 00:31:49'),
('129', '12', 'SUBMIT_REQUEST', 'maintenancerequest', '32', NULL, NULL, '::1', '2026-04-09 00:32:48'),
('130', '1', 'AUTO_ASSIGN', 'assignment', '32', NULL, 'Auto-assigned to Ahmed Hassan (UserID: 2) - Active tasks: 0', '::1', '2026-04-09 00:32:48'),
('131', '12', 'REQUEST_CANCELLED_BY_USER', 'maintenancerequest', '32', 'Status: 3', 'Status: 6 (Cancelled)', '::1', '2026-04-09 00:33:25'),
('132', '1', 'STATUS_CHANGED', 'maintenancerequest', '17', 'Status: 5', 'Status: 1', '::1', '2026-04-09 01:49:07'),
('133', '1', 'STATUS_CHANGED', 'maintenancerequest', '17', 'Status: 1', 'Status: 3', '::1', '2026-04-09 01:56:08');

-- ============================================
-- Table: category
-- ============================================
DROP TABLE IF EXISTS `category`;
CREATE TABLE `category` (
  `CategoryID` int(11) NOT NULL AUTO_INCREMENT,
  `CategoryName` varchar(100) NOT NULL,
  `Description` text DEFAULT NULL,
  PRIMARY KEY (`CategoryID`),
  UNIQUE KEY `CategoryName` (`CategoryName`)
) ENGINE=InnoDB AUTO_INCREMENT=9 DEFAULT CHARSET=utf8mb4 COLLATE=utf8mb4_unicode_ci;

INSERT INTO `category` (`CategoryID`, `CategoryName`, `Description`) VALUES
('1', 'Electrical', 'Electrical systems and lighting issues'),
('2', 'Plumbing', 'Water, drainage, and plumbing problems'),
('3', 'HVAC', 'Heating, ventilation, and air conditioning'),
('4', 'IT Equipment', 'Computers, projectors, network issues'),
('5', 'Furniture', 'Desks, chairs, and furniture repairs'),
('6', 'Cleaning', 'Cleaning and sanitation requests'),
('7', 'Safety', 'Safety hazards and emergency issues'),
('8', 'Other', 'Other maintenance needs');

-- ============================================
-- Table: feedback
-- ============================================
DROP TABLE IF EXISTS `feedback`;
CREATE TABLE `feedback` (
  `FeedbackID` int(11) NOT NULL AUTO_INCREMENT,
  `RequestID` int(11) NOT NULL,
  `UserID` int(11) NOT NULL,
  `Rating` int(11) NOT NULL CHECK (`Rating` between 1 and 5),
  `Comment` text DEFAULT NULL,
  `SubmittedAt` timestamp NOT NULL DEFAULT current_timestamp(),
  PRIMARY KEY (`FeedbackID`),
  KEY `UserID` (`UserID`),
  KEY `idx_request` (`RequestID`),
  CONSTRAINT `feedback_ibfk_1` FOREIGN KEY (`RequestID`) REFERENCES `maintenancerequest` (`RequestID`),
  CONSTRAINT `feedback_ibfk_2` FOREIGN KEY (`UserID`) REFERENCES `user` (`UserID`)
) ENGINE=InnoDB AUTO_INCREMENT=9 DEFAULT CHARSET=utf8mb4 COLLATE=utf8mb4_unicode_ci;

INSERT INTO `feedback` (`FeedbackID`, `RequestID`, `UserID`, `Rating`, `Comment`, `SubmittedAt`) VALUES
('1', '1', '4', '5', '', '2026-01-21 23:04:55'),
('2', '2', '4', '5', 'Thanks', '2026-02-16 01:02:26'),
('3', '3', '4', '5', 'Thanks', '2026-02-16 19:37:00'),
('4', '5', '4', '5', '', '2026-02-18 21:22:29'),
('5', '7', '4', '5', '', '2026-03-03 01:36:13'),
('6', '8', '4', '5', 'GOOD', '2026-03-03 01:40:15'),
('7', '9', '7', '5', '', '2026-03-03 02:34:27'),
('8', '15', '10', '5', '', '2026-03-17 20:52:20');

-- ============================================
-- Table: location
-- ============================================
DROP TABLE IF EXISTS `location`;
CREATE TABLE `location` (
  `LocationID` int(11) NOT NULL AUTO_INCREMENT,
  `BuildingName` varchar(100) NOT NULL,
  `FloorNumber` varchar(20) DEFAULT NULL,
  `RoomNumber` varchar(50) DEFAULT NULL,
  `Description` text DEFAULT NULL,
  PRIMARY KEY (`LocationID`)
) ENGINE=InnoDB AUTO_INCREMENT=8 DEFAULT CHARSET=utf8mb4 COLLATE=utf8mb4_unicode_ci;

INSERT INTO `location` (`LocationID`, `BuildingName`, `FloorNumber`, `RoomNumber`, `Description`) VALUES
('1', 'Main Building', 'Ground Floor', '101', 'Main entrance hall'),
('2', 'Main Building', 'First Floor', '201', 'Computer Lab 1'),
('3', 'Main Building', 'Second Floor', '301', 'Lecture Hall A'),
('4', 'Library Building', 'Ground Floor', 'Reading Hall', 'Main reading area'),
('5', 'Library Building', 'First Floor', 'Study Rooms', 'Group study area'),
('6', 'Engineering Building', 'Ground Floor', 'Lab-A', 'Engineering Laboratory'),
('7', 'Student Center', 'Ground Floor', 'Cafeteria', 'Student cafeteria');

-- ============================================
-- Table: loginlog
-- ============================================
DROP TABLE IF EXISTS `loginlog`;
CREATE TABLE `loginlog` (
  `LogID` int(11) NOT NULL AUTO_INCREMENT,
  `Email` varchar(255) NOT NULL,
  `UserID` int(11) DEFAULT NULL,
  `Status` enum('Success','Failed') NOT NULL,
  `FailReason` varchar(255) DEFAULT NULL,
  `IPAddress` varchar(45) DEFAULT NULL,
  `UserAgent` varchar(500) DEFAULT NULL,
  `AttemptedAt` timestamp NOT NULL DEFAULT current_timestamp(),
  PRIMARY KEY (`LogID`),
  KEY `idx_email` (`Email`),
  KEY `idx_user` (`UserID`),
  KEY `idx_status` (`Status`),
  KEY `idx_date` (`AttemptedAt`),
  CONSTRAINT `loginlog_ibfk_1` FOREIGN KEY (`UserID`) REFERENCES `user` (`UserID`) ON DELETE SET NULL
) ENGINE=InnoDB AUTO_INCREMENT=211 DEFAULT CHARSET=utf8mb4 COLLATE=utf8mb4_unicode_ci;

INSERT INTO `loginlog` (`LogID`, `Email`, `UserID`, `Status`, `FailReason`, `IPAddress`, `UserAgent`, `AttemptedAt`) VALUES
('1', 'admin@seu.edu.sa', '1', 'Success', NULL, '::1', 'Mozilla/5.0 (Windows NT 10.0; Win64; x64) AppleWebKit/537.36 (KHTML, like Gecko) Chrome/145.0.0.0 Safari/537.36', '2026-02-16 16:56:11'),
('2', 'admin@seu.edu.sa', '1', 'Success', NULL, '::1', 'Mozilla/5.0 (Windows NT 10.0; Win64; x64) AppleWebKit/537.36 (KHTML, like Gecko) Chrome/145.0.0.0 Safari/537.36', '2026-02-16 19:30:41'),
('3', 'ahmed.tech@seu.edu.sa', '2', 'Success', NULL, '::1', 'Mozilla/5.0 (Windows NT 10.0; Win64; x64) AppleWebKit/537.36 (KHTML, like Gecko) Chrome/145.0.0.0 Safari/537.36', '2026-02-16 19:31:28'),
('4', 'S220053790@seu.edu.sa', '4', 'Success', NULL, '::1', 'Mozilla/5.0 (Windows NT 10.0; Win64; x64) AppleWebKit/537.36 (KHTML, like Gecko) Chrome/145.0.0.0 Safari/537.36', '2026-02-16 19:36:24'),
('5', 'ahmed.tech@seu.edu.sa', '2', 'Success', NULL, '::1', 'Mozilla/5.0 (Windows NT 10.0; Win64; x64) AppleWebKit/537.36 (KHTML, like Gecko) Chrome/145.0.0.0 Safari/537.36', '2026-02-16 22:26:58'),
('6', 'ahmed.tech@seu.edu.sa', '2', 'Success', NULL, '::1', 'Mozilla/5.0 (Windows NT 10.0; Win64; x64) AppleWebKit/537.36 (KHTML, like Gecko) Chrome/145.0.0.0 Safari/537.36', '2026-02-16 22:34:35'),
('7', 'S220053790@seu.edu.sa', '4', 'Success', NULL, '::1', 'Mozilla/5.0 (Windows NT 10.0; Win64; x64) AppleWebKit/537.36 (KHTML, like Gecko) Chrome/145.0.0.0 Safari/537.36', '2026-02-16 22:56:36'),
('8', 'jameel.alhejely@seu.edu.sa', '10', 'Success', NULL, '::1', 'Mozilla/5.0 (Windows NT 10.0; Win64; x64) AppleWebKit/537.36 (KHTML, like Gecko) Chrome/145.0.0.0 Safari/537.36', '2026-02-17 22:23:39'),
('9', 'admin@seu.edu.sa', '1', 'Success', NULL, '::1', 'Mozilla/5.0 (Windows NT 10.0; Win64; x64) AppleWebKit/537.36 (KHTML, like Gecko) Chrome/145.0.0.0 Safari/537.36', '2026-02-17 22:24:31'),
('10', 'admin@seu.edu.sa', '1', 'Success', NULL, '::1', 'Mozilla/5.0 (Windows NT 10.0; Win64; x64) AppleWebKit/537.36 (KHTML, like Gecko) Chrome/145.0.0.0 Safari/537.36', '2026-02-18 04:21:40'),
('11', 'admin@seu.edu.sa', '1', 'Success', NULL, '::1', 'Mozilla/5.0 (Windows NT 10.0; Win64; x64) AppleWebKit/537.36 (KHTML, like Gecko) Chrome/145.0.0.0 Safari/537.36', '2026-02-18 06:55:40'),
('12', 'admin@seu.edu.sa', '1', 'Success', NULL, '::1', 'Mozilla/5.0 (Windows NT 10.0; Win64; x64) AppleWebKit/537.36 (KHTML, like Gecko) Chrome/145.0.0.0 Safari/537.36', '2026-02-18 20:55:06'),
('13', 'S220053790@seu.edu.sa', '4', 'Success', NULL, '::1', 'Mozilla/5.0 (Windows NT 10.0; Win64; x64) AppleWebKit/537.36 (KHTML, like Gecko) Chrome/145.0.0.0 Safari/537.36', '2026-02-18 21:05:08'),
('14', 'admin@seu.edu.sa', '1', 'Success', NULL, '::1', 'Mozilla/5.0 (Windows NT 10.0; Win64; x64) AppleWebKit/537.36 (KHTML, like Gecko) Chrome/145.0.0.0 Safari/537.36', '2026-02-18 21:05:27'),
('15', 'S220053790@seu.edu.sa', '4', 'Success', NULL, '::1', 'Mozilla/5.0 (Windows NT 10.0; Win64; x64) AppleWebKit/537.36 (KHTML, like Gecko) Chrome/145.0.0.0 Safari/537.36', '2026-02-18 21:18:25'),
('16', 'admin@seu.edu.sa', '1', 'Success', NULL, '::1', 'Mozilla/5.0 (Windows NT 10.0; Win64; x64) AppleWebKit/537.36 (KHTML, like Gecko) Chrome/145.0.0.0 Safari/537.36', '2026-02-18 21:19:46'),
('17', 'S220053790@seu.edu.sa', '4', 'Success', NULL, '::1', 'Mozilla/5.0 (Windows NT 10.0; Win64; x64) AppleWebKit/537.36 (KHTML, like Gecko) Chrome/145.0.0.0 Safari/537.36', '2026-02-18 21:22:18'),
('18', 'admin@seu.edu.sa', '1', 'Success', NULL, '::1', 'Mozilla/5.0 (Windows NT 10.0; Win64; x64) AppleWebKit/537.36 (KHTML, like Gecko) Chrome/145.0.0.0 Safari/537.36', '2026-02-18 21:22:53'),
('19', 'S220053790@seu.edu.sa', '4', 'Success', NULL, '::1', 'Mozilla/5.0 (Windows NT 10.0; Win64; x64) AppleWebKit/537.36 (KHTML, like Gecko) Chrome/145.0.0.0 Safari/537.36', '2026-02-18 21:32:02'),
('20', 'admin@seu.edu.sa', '1', 'Success', NULL, '::1', 'Mozilla/5.0 (Windows NT 10.0; Win64; x64) AppleWebKit/537.36 (KHTML, like Gecko) Chrome/145.0.0.0 Safari/537.36', '2026-02-18 21:36:54'),
('21', 'S220053790@seu.edu.sa', '4', 'Success', NULL, '::1', 'Mozilla/5.0 (Windows NT 10.0; Win64; x64) AppleWebKit/537.36 (KHTML, like Gecko) Chrome/145.0.0.0 Safari/537.36', '2026-02-18 21:37:21'),
('22', 'admin@seu.edu.sa', '1', 'Success', NULL, '::1', 'Mozilla/5.0 (Windows NT 10.0; Win64; x64) AppleWebKit/537.36 (KHTML, like Gecko) Chrome/145.0.0.0 Safari/537.36', '2026-02-18 21:37:40'),
('23', 'S220053790@seu.edu.sa', '4', 'Success', NULL, '::1', 'Mozilla/5.0 (Windows NT 10.0; Win64; x64) AppleWebKit/537.36 (KHTML, like Gecko) Chrome/145.0.0.0 Safari/537.36', '2026-02-18 21:43:24'),
('24', 'admin@seu.edu.sa', '1', 'Success', NULL, '::1', 'Mozilla/5.0 (Windows NT 10.0; Win64; x64) AppleWebKit/537.36 (KHTML, like Gecko) Chrome/145.0.0.0 Safari/537.36', '2026-02-18 21:47:52'),
('25', 'S220053790@seu.edu.sa', '4', 'Success', NULL, '::1', 'Mozilla/5.0 (Windows NT 10.0; Win64; x64) AppleWebKit/537.36 (KHTML, like Gecko) Chrome/145.0.0.0 Safari/537.36', '2026-02-18 21:48:21'),
('26', 'admin@seu.edu.sa', '1', 'Success', NULL, '::1', 'Mozilla/5.0 (Windows NT 10.0; Win64; x64) AppleWebKit/537.36 (KHTML, like Gecko) Chrome/145.0.0.0 Safari/537.36', '2026-02-18 21:58:04'),
('27', 'S220053790@seu.edu.sa', '4', 'Success', NULL, '::1', 'Mozilla/5.0 (Windows NT 10.0; Win64; x64) AppleWebKit/537.36 (KHTML, like Gecko) Chrome/145.0.0.0 Safari/537.36', '2026-02-18 21:59:09'),
('28', 'admin@seu.edu.sa', '1', 'Success', NULL, '::1', 'Mozilla/5.0 (Windows NT 10.0; Win64; x64) AppleWebKit/537.36 (KHTML, like Gecko) Chrome/145.0.0.0 Safari/537.36', '2026-02-18 22:04:39'),
('29', 'admin@seu.edu.sa', '1', 'Success', NULL, '::1', 'Mozilla/5.0 (Windows NT 10.0; Win64; x64) AppleWebKit/537.36 (KHTML, like Gecko) Chrome/145.0.0.0 Safari/537.36', '2026-02-18 22:05:19'),
('30', 'S220053790@seu.edu.sa', '4', 'Success', NULL, '::1', 'Mozilla/5.0 (Windows NT 10.0; Win64; x64) AppleWebKit/537.36 (KHTML, like Gecko) Chrome/145.0.0.0 Safari/537.36', '2026-02-18 22:05:42'),
('31', 'S220053790@seu.edu.sa', '4', 'Success', NULL, '::1', 'Mozilla/5.0 (Linux; Android 6.0; Nexus 5 Build/MRA58N) AppleWebKit/537.36 (KHTML, like Gecko) Chrome/145.0.0.0 Mobile Safari/537.36', '2026-02-19 04:30:25'),
('32', 'admin@seu.edu.sa', '1', 'Success', NULL, '::1', 'Mozilla/5.0 (Linux; Android 6.0; Nexus 5 Build/MRA58N) AppleWebKit/537.36 (KHTML, like Gecko) Chrome/145.0.0.0 Mobile Safari/537.36', '2026-02-19 04:32:27'),
('33', 'S220053790@seu.edu.sa', '4', 'Success', NULL, '::1', 'Mozilla/5.0 (Linux; Android 6.0; Nexus 5 Build/MRA58N) AppleWebKit/537.36 (KHTML, like Gecko) Chrome/145.0.0.0 Mobile Safari/537.36', '2026-02-19 04:38:16'),
('34', 'admin@seu.edu.sa', '1', 'Success', NULL, '::1', 'Mozilla/5.0 (Linux; Android 6.0; Nexus 5 Build/MRA58N) AppleWebKit/537.36 (KHTML, like Gecko) Chrome/145.0.0.0 Mobile Safari/537.36', '2026-02-19 04:49:07'),
('35', 'admin@seu.edu.sa', '1', 'Success', NULL, '::1', 'Mozilla/5.0 (Windows NT 10.0; Win64; x64) AppleWebKit/537.36 (KHTML, like Gecko) Chrome/145.0.0.0 Safari/537.36', '2026-02-19 23:28:52'),
('36', 'S220053790@seu.edu.sa', '4', 'Success', NULL, '::1', 'Mozilla/5.0 (Windows NT 10.0; Win64; x64) AppleWebKit/537.36 (KHTML, like Gecko) Chrome/145.0.0.0 Safari/537.36', '2026-02-19 23:42:39'),
('37', 'admin@seu.edu.sa', '1', 'Success', NULL, '::1', 'Mozilla/5.0 (Windows NT 10.0; Win64; x64) AppleWebKit/537.36 (KHTML, like Gecko) Chrome/145.0.0.0 Safari/537.36', '2026-02-22 20:12:09'),
('38', 'admin@seu.edu.sa', '1', 'Failed', 'Incorrect password', '::1', 'Mozilla/5.0 (Windows NT 10.0; Win64; x64) AppleWebKit/537.36 (KHTML, like Gecko) Chrome/145.0.0.0 Safari/537.36', '2026-02-22 20:13:40'),
('39', 'admin@seu.edu.sa', '1', 'Success', NULL, '::1', 'Mozilla/5.0 (Windows NT 10.0; Win64; x64) AppleWebKit/537.36 (KHTML, like Gecko) Chrome/145.0.0.0 Safari/537.36', '2026-02-22 20:13:49'),
('40', 'admin@seu.edu.sa', '1', 'Success', NULL, '::1', 'Mozilla/5.0 (Windows NT 10.0; Win64; x64) AppleWebKit/537.36 (KHTML, like Gecko) Chrome/145.0.0.0 Safari/537.36', '2026-02-22 22:30:48'),
('41', 'admin@seu.edu.sa', '1', 'Success', NULL, '::1', 'Mozilla/5.0 (Windows NT 10.0; Win64; x64) AppleWebKit/537.36 (KHTML, like Gecko) Chrome/145.0.0.0 Safari/537.36', '2026-02-24 00:22:13'),
('42', 'S220053790@seu.edu.sa', '4', 'Success', NULL, '::1', 'Mozilla/5.0 (Windows NT 10.0; Win64; x64) AppleWebKit/537.36 (KHTML, like Gecko) Chrome/145.0.0.0 Safari/537.36', '2026-02-24 00:37:14'),
('43', 'S220053790@seu.edu.sa', '4', 'Success', NULL, '::1', 'Mozilla/5.0 (Windows NT 10.0; Win64; x64) AppleWebKit/537.36 (KHTML, like Gecko) Chrome/145.0.0.0 Safari/537.36', '2026-02-24 06:05:10'),
('44', 'admin@seu.edu.sa', '1', 'Success', NULL, '::1', 'Mozilla/5.0 (Windows NT 10.0; Win64; x64) AppleWebKit/537.36 (KHTML, like Gecko) Chrome/145.0.0.0 Safari/537.36', '2026-02-24 06:05:34'),
('45', 'S220053790@seu.edu.sa', '4', 'Success', NULL, '::1', 'Mozilla/5.0 (Windows NT 10.0; Win64; x64) AppleWebKit/537.36 (KHTML, like Gecko) Chrome/145.0.0.0 Safari/537.36', '2026-02-24 06:06:10'),
('46', 'admin@seu.edu.sa', '1', 'Success', NULL, '::1', 'Mozilla/5.0 (Windows NT 10.0; Win64; x64) AppleWebKit/537.36 (KHTML, like Gecko) Chrome/145.0.0.0 Safari/537.36', '2026-02-24 06:18:41'),
('47', 'admin@seu.edu.sa', '1', 'Success', NULL, '::1', 'Mozilla/5.0 (Windows NT 10.0; Win64; x64) AppleWebKit/537.36 (KHTML, like Gecko) Chrome/145.0.0.0 Safari/537.36', '2026-02-25 23:36:08'),
('48', 'S220053790@seu.edu.sa', '4', 'Success', NULL, '::1', 'Mozilla/5.0 (Windows NT 10.0; Win64; x64) AppleWebKit/537.36 (KHTML, like Gecko) Chrome/145.0.0.0 Safari/537.36', '2026-02-25 23:40:12'),
('49', 'ahmed.tech@seu.edu.sa', '2', 'Success', NULL, '::1', 'Mozilla/5.0 (Windows NT 10.0; Win64; x64) AppleWebKit/537.36 (KHTML, like Gecko) Chrome/145.0.0.0 Safari/537.36', '2026-02-25 23:47:00'),
('50', 'admin@seu.edu.sa', '1', 'Success', NULL, '::1', 'Mozilla/5.0 (Windows NT 10.0; Win64; x64) AppleWebKit/537.36 (KHTML, like Gecko) Chrome/145.0.0.0 Safari/537.36', '2026-02-25 23:57:43'),
('51', 'admin@seu.edu.sa', '1', 'Success', NULL, '::1', 'Mozilla/5.0 (Windows NT 10.0; Win64; x64) AppleWebKit/537.36 (KHTML, like Gecko) Chrome/145.0.0.0 Safari/537.36', '2026-02-26 00:40:19'),
('52', 'admin@seu.edu.sa', '1', 'Success', NULL, '::1', 'Mozilla/5.0 (Windows NT 10.0; Win64; x64) AppleWebKit/537.36 (KHTML, like Gecko) Chrome/145.0.0.0 Safari/537.36', '2026-03-03 00:54:54'),
('53', 'S220053790@seu.edu.sa', '4', 'Success', NULL, '::1', 'Mozilla/5.0 (Windows NT 10.0; Win64; x64) AppleWebKit/537.36 (KHTML, like Gecko) Chrome/145.0.0.0 Safari/537.36', '2026-03-03 00:57:01'),
('54', 'admin@seu.edu.sa', '1', 'Success', NULL, '::1', 'Mozilla/5.0 (Windows NT 10.0; Win64; x64) AppleWebKit/537.36 (KHTML, like Gecko) Chrome/145.0.0.0 Safari/537.36', '2026-03-03 01:03:46'),
('55', 'ahmed.tech@seu.edu.sa', '2', 'Success', NULL, '::1', 'Mozilla/5.0 (Windows NT 10.0; Win64; x64) AppleWebKit/537.36 (KHTML, like Gecko) Chrome/145.0.0.0 Safari/537.36', '2026-03-03 01:06:20'),
('56', 'admin@seu.edu.sa', '1', 'Success', NULL, '::1', 'Mozilla/5.0 (Windows NT 10.0; Win64; x64) AppleWebKit/537.36 (KHTML, like Gecko) Chrome/145.0.0.0 Safari/537.36', '2026-03-03 01:06:44'),
('57', 'S220053790@seu.edu.sa', '4', 'Success', NULL, '::1', 'Mozilla/5.0 (Windows NT 10.0; Win64; x64) AppleWebKit/537.36 (KHTML, like Gecko) Chrome/145.0.0.0 Safari/537.36', '2026-03-03 01:36:02'),
('58', 'admin@seu.edu.sa', '1', 'Success', NULL, '::1', 'Mozilla/5.0 (Windows NT 10.0; Win64; x64) AppleWebKit/537.36 (KHTML, like Gecko) Chrome/145.0.0.0 Safari/537.36', '2026-03-03 01:37:21'),
('59', 'S220053790@seu.edu.sa', '4', 'Success', NULL, '::1', 'Mozilla/5.0 (Windows NT 10.0; Win64; x64) AppleWebKit/537.36 (KHTML, like Gecko) Chrome/145.0.0.0 Safari/537.36', '2026-03-03 01:39:56'),
('60', 'admin@seu.edu.sa', '1', 'Success', NULL, '::1', 'Mozilla/5.0 (Windows NT 10.0; Win64; x64) AppleWebKit/537.36 (KHTML, like Gecko) Chrome/145.0.0.0 Safari/537.36', '2026-03-03 01:42:49'),
('61', 'S220053790@seu.edu.sa', '4', 'Success', NULL, '::1', 'Mozilla/5.0 (Windows NT 10.0; Win64; x64) AppleWebKit/537.36 (KHTML, like Gecko) Chrome/145.0.0.0 Safari/537.36', '2026-03-03 01:43:40'),
('62', 'S220053790@seu.edu.sa', '4', 'Success', NULL, '::1', 'Mozilla/5.0 (Windows NT 10.0; Win64; x64) AppleWebKit/537.36 (KHTML, like Gecko) Chrome/145.0.0.0 Safari/537.36', '2026-03-03 01:44:00'),
('63', 'admin@seu.edu.sa', '1', 'Success', NULL, '::1', 'Mozilla/5.0 (Windows NT 10.0; Win64; x64) AppleWebKit/537.36 (KHTML, like Gecko) Chrome/145.0.0.0 Safari/537.36', '2026-03-03 01:46:55'),
('64', 'S220053790@seu.edu.sa', '4', 'Success', NULL, '::1', 'Mozilla/5.0 (Windows NT 10.0; Win64; x64) AppleWebKit/537.36 (KHTML, like Gecko) Chrome/145.0.0.0 Safari/537.36', '2026-03-03 01:49:20'),
('65', 'admin@seu.edu.sa', '1', 'Success', NULL, '::1', 'Mozilla/5.0 (Windows NT 10.0; Win64; x64) AppleWebKit/537.36 (KHTML, like Gecko) Chrome/145.0.0.0 Safari/537.36', '2026-03-03 01:52:01'),
('66', 'S220053790@seu.edu.sa', '4', 'Success', NULL, '::1', 'Mozilla/5.0 (Windows NT 10.0; Win64; x64) AppleWebKit/537.36 (KHTML, like Gecko) Chrome/145.0.0.0 Safari/537.36', '2026-03-03 01:52:28'),
('67', 'admin@seu.edu.sa', '1', 'Success', NULL, '::1', 'Mozilla/5.0 (Windows NT 10.0; Win64; x64) AppleWebKit/537.36 (KHTML, like Gecko) Chrome/145.0.0.0 Safari/537.36', '2026-03-03 01:55:13'),
('68', 'S220053790@seu.edu.sa', '4', 'Success', NULL, '::1', 'Mozilla/5.0 (Windows NT 10.0; Win64; x64) AppleWebKit/537.36 (KHTML, like Gecko) Chrome/145.0.0.0 Safari/537.36', '2026-03-03 01:58:09'),
('69', 'admin@seu.edu.sa', '1', 'Success', NULL, '::1', 'Mozilla/5.0 (Windows NT 10.0; Win64; x64) AppleWebKit/537.36 (KHTML, like Gecko) Chrome/145.0.0.0 Safari/537.36', '2026-03-03 02:00:24'),
('70', 'S220043128@gmail.com', NULL, 'Failed', 'Email not found', '::1', 'Mozilla/5.0 (Windows NT 10.0; Win64; x64) AppleWebKit/537.36 (KHTML, like Gecko) Chrome/145.0.0.0 Safari/537.36', '2026-03-03 02:03:18'),
('71', 'S220043128@seu.edu.sa', '7', 'Success', NULL, '::1', 'Mozilla/5.0 (Windows NT 10.0; Win64; x64) AppleWebKit/537.36 (KHTML, like Gecko) Chrome/145.0.0.0 Safari/537.36', '2026-03-03 02:03:28'),
('72', 'admin@seu.edu.sa', '1', 'Success', NULL, '::1', 'Mozilla/5.0 (Windows NT 10.0; Win64; x64) AppleWebKit/537.36 (KHTML, like Gecko) Chrome/145.0.0.0 Safari/537.36', '2026-03-03 02:07:20'),
('73', 'S220043128@seu.edu.sa', '7', 'Success', NULL, '::1', 'Mozilla/5.0 (Windows NT 10.0; Win64; x64) AppleWebKit/537.36 (KHTML, like Gecko) Chrome/145.0.0.0 Safari/537.36', '2026-03-03 02:24:53'),
('74', 'S220043128@seu.edu.sa', '7', 'Success', NULL, '::1', 'Mozilla/5.0 (Windows NT 10.0; Win64; x64) AppleWebKit/537.36 (KHTML, like Gecko) Chrome/145.0.0.0 Safari/537.36', '2026-03-03 02:28:08'),
('75', 'admin@seu.edu.sa', '1', 'Success', NULL, '::1', 'Mozilla/5.0 (Windows NT 10.0; Win64; x64) AppleWebKit/537.36 (KHTML, like Gecko) Chrome/145.0.0.0 Safari/537.36', '2026-03-03 02:29:18'),
('76', 'S220043128@seu.edu.sa', '7', 'Success', NULL, '::1', 'Mozilla/5.0 (Windows NT 10.0; Win64; x64) AppleWebKit/537.36 (KHTML, like Gecko) Chrome/145.0.0.0 Safari/537.36', '2026-03-03 02:31:13'),
('77', 'S220034953@seu.edu.sa', '5', 'Success', NULL, '::1', 'Mozilla/5.0 (Windows NT 10.0; Win64; x64) AppleWebKit/537.36 (KHTML, like Gecko) Chrome/145.0.0.0 Safari/537.36', '2026-03-03 02:49:34'),
('78', 'S220053790@seu.edu.sa', '4', 'Success', NULL, '::1', 'Mozilla/5.0 (Windows NT 10.0; Win64; x64) AppleWebKit/537.36 (KHTML, like Gecko) Chrome/145.0.0.0 Safari/537.36', '2026-03-03 02:49:51'),
('79', 'admin@seu.edu.sa', '1', 'Success', NULL, '::1', 'Mozilla/5.0 (Windows NT 10.0; Win64; x64) AppleWebKit/537.36 (KHTML, like Gecko) Chrome/145.0.0.0 Safari/537.36', '2026-03-03 02:50:21'),
('80', 'S220042171@seu.edu.sa', '6', 'Success', NULL, '::1', 'Mozilla/5.0 (Windows NT 10.0; Win64; x64) AppleWebKit/537.36 (KHTML, like Gecko) Chrome/145.0.0.0 Safari/537.36', '2026-03-03 02:54:36'),
('81', 'admin@seu.edu.sa', '1', 'Success', NULL, '::1', 'Mozilla/5.0 (Windows NT 10.0; Win64; x64) AppleWebKit/537.36 (KHTML, like Gecko) Chrome/145.0.0.0 Safari/537.36', '2026-03-03 02:58:04'),
('82', 'S220053790@seu.edu.sa', '4', 'Success', NULL, '::1', 'Mozilla/5.0 (Windows NT 10.0; Win64; x64) AppleWebKit/537.36 (KHTML, like Gecko) Chrome/145.0.0.0 Safari/537.36', '2026-03-03 03:05:50'),
('83', 'S220020268@seu.edu.sa', '8', 'Success', NULL, '::1', 'Mozilla/5.0 (Windows NT 10.0; Win64; x64) AppleWebKit/537.36 (KHTML, like Gecko) Chrome/145.0.0.0 Safari/537.36', '2026-03-03 03:07:11'),
('84', 'admin@seu.edu.sa', '1', 'Success', NULL, '::1', 'Mozilla/5.0 (Windows NT 10.0; Win64; x64) AppleWebKit/537.36 (KHTML, like Gecko) Chrome/145.0.0.0 Safari/537.36', '2026-03-03 03:15:23'),
('85', 'S220006357@seu.edu.sa', '9', 'Success', NULL, '::1', 'Mozilla/5.0 (Windows NT 10.0; Win64; x64) AppleWebKit/537.36 (KHTML, like Gecko) Chrome/145.0.0.0 Safari/537.36', '2026-03-03 03:39:52'),
('86', 'S220053790@seu.edu.sa', '4', 'Success', NULL, '::1', 'Mozilla/5.0 (Windows NT 10.0; Win64; x64) AppleWebKit/537.36 (KHTML, like Gecko) Chrome/145.0.0.0 Safari/537.36', '2026-03-03 21:18:11'),
('87', 'user12342188@gmail.com', '12', 'Success', NULL, '::1', 'Mozilla/5.0 (Windows NT 10.0; Win64; x64) AppleWebKit/537.36 (KHTML, like Gecko) Chrome/145.0.0.0 Safari/537.36', '2026-03-03 21:22:46'),
('88', 'admin@seu.edu.sa', '1', 'Success', NULL, '::1', 'Mozilla/5.0 (Windows NT 10.0; Win64; x64) AppleWebKit/537.36 (KHTML, like Gecko) Chrome/145.0.0.0 Safari/537.36', '2026-03-03 21:25:15'),
('89', 'user12342188@gmail.com', '12', 'Success', NULL, '::1', 'Mozilla/5.0 (Windows NT 10.0; Win64; x64) AppleWebKit/537.36 (KHTML, like Gecko) Chrome/145.0.0.0 Safari/537.36', '2026-03-03 22:52:49'),
('90', 'admin@seu.edu.sa', '1', 'Success', NULL, '::1', 'Mozilla/5.0 (Windows NT 10.0; Win64; x64) AppleWebKit/537.36 (KHTML, like Gecko) Chrome/145.0.0.0 Safari/537.36', '2026-03-03 22:53:13'),
('91', 'S220053790@seu.edu.sa', '4', 'Success', NULL, '::1', 'Mozilla/5.0 (Windows NT 10.0; Win64; x64) AppleWebKit/537.36 (KHTML, like Gecko) Chrome/145.0.0.0 Safari/537.36', '2026-03-03 22:54:45'),
('92', 'admin@seu.edu.sa', '1', 'Success', NULL, '::1', 'Mozilla/5.0 (Windows NT 10.0; Win64; x64) AppleWebKit/537.36 (KHTML, like Gecko) Chrome/145.0.0.0 Safari/537.36', '2026-03-03 23:33:21'),
('93', 'admin@seu.edu.sa', '1', 'Success', NULL, '::1', 'Mozilla/5.0 (Windows NT 10.0; Win64; x64) AppleWebKit/537.36 (KHTML, like Gecko) Chrome/145.0.0.0 Safari/537.36', '2026-03-04 00:04:15'),
('94', 'user12342188@gmail.com', '12', 'Failed', 'Incorrect password', '::1', 'Mozilla/5.0 (Windows NT 10.0; Win64; x64) AppleWebKit/537.36 (KHTML, like Gecko) Chrome/145.0.0.0 Safari/537.36', '2026-03-04 00:11:50'),
('95', 'user12342188@gmail.com', '12', 'Success', NULL, '::1', 'Mozilla/5.0 (Windows NT 10.0; Win64; x64) AppleWebKit/537.36 (KHTML, like Gecko) Chrome/145.0.0.0 Safari/537.36', '2026-03-04 00:12:05'),
('96', 'ahmed.tech@seu.edu.sa', '2', 'Success', NULL, '::1', 'Mozilla/5.0 (Windows NT 10.0; Win64; x64) AppleWebKit/537.36 (KHTML, like Gecko) Chrome/145.0.0.0 Safari/537.36', '2026-03-04 00:23:17'),
('97', 'admin@seu.edu.sa', '1', 'Success', NULL, '::1', 'Mozilla/5.0 (Windows NT 10.0; Win64; x64) AppleWebKit/537.36 (KHTML, like Gecko) Chrome/145.0.0.0 Safari/537.36', '2026-03-04 00:26:05'),
('98', 'admin@seu.edu.sa', '1', 'Success', NULL, '::1', 'Mozilla/5.0 (Windows NT 10.0; Win64; x64) AppleWebKit/537.36 (KHTML, like Gecko) Chrome/145.0.0.0 Safari/537.36', '2026-03-04 06:40:46'),
('99', 'a.aalghamdi147@gmail.com', '11', 'Failed', 'Incorrect password', '::1', 'Mozilla/5.0 (Windows NT 10.0; Win64; x64) AppleWebKit/537.36 (KHTML, like Gecko) Chrome/145.0.0.0 Safari/537.36', '2026-03-04 21:06:07'),
('100', 'a.aalghamdi147@gmail.com', '11', 'Failed', 'Incorrect password', '::1', 'Mozilla/5.0 (Windows NT 10.0; Win64; x64) AppleWebKit/537.36 (KHTML, like Gecko) Chrome/145.0.0.0 Safari/537.36', '2026-03-04 21:06:17'),
('101', 'user12342188@gmail.com', '12', 'Success', NULL, '::1', 'Mozilla/5.0 (Windows NT 10.0; Win64; x64) AppleWebKit/537.36 (KHTML, like Gecko) Chrome/145.0.0.0 Safari/537.36', '2026-03-04 21:06:30'),
('102', 'user12342188@gmail.com', '12', 'Success', NULL, '::1', 'Mozilla/5.0 (Windows NT 10.0; Win64; x64) AppleWebKit/537.36 (KHTML, like Gecko) Chrome/145.0.0.0 Safari/537.36', '2026-03-04 21:13:20'),
('103', 'ahmed.tech@seu.edu.sa', '2', 'Success', NULL, '::1', 'Mozilla/5.0 (Windows NT 10.0; Win64; x64) AppleWebKit/537.36 (KHTML, like Gecko) Chrome/145.0.0.0 Safari/537.36', '2026-03-04 21:23:10'),
('104', 'admin@seu.edu.sa', '1', 'Success', NULL, '::1', 'Mozilla/5.0 (Windows NT 10.0; Win64; x64) AppleWebKit/537.36 (KHTML, like Gecko) Chrome/145.0.0.0 Safari/537.36', '2026-03-04 21:30:14'),
('105', 'ahmed.tech@seu.edu.sa', '2', 'Success', NULL, '::1', 'Mozilla/5.0 (Windows NT 10.0; Win64; x64) AppleWebKit/537.36 (KHTML, like Gecko) Chrome/145.0.0.0 Safari/537.36', '2026-03-04 21:30:51'),
('106', 'admin@seu.edu.sa', '1', 'Success', NULL, '::1', 'Mozilla/5.0 (Windows NT 10.0; Win64; x64) AppleWebKit/537.36 (KHTML, like Gecko) Chrome/145.0.0.0 Safari/537.36', '2026-03-04 21:31:11'),
('107', 'ahmed.tech@seu.edu.sa', '2', 'Success', NULL, '::1', 'Mozilla/5.0 (Windows NT 10.0; Win64; x64) AppleWebKit/537.36 (KHTML, like Gecko) Chrome/145.0.0.0 Safari/537.36', '2026-03-04 21:33:10'),
('108', 'admin@seu.edu.sa', '1', 'Success', NULL, '::1', 'Mozilla/5.0 (Windows NT 10.0; Win64; x64) AppleWebKit/537.36 (KHTML, like Gecko) Chrome/145.0.0.0 Safari/537.36', '2026-03-04 23:26:28'),
('109', 'ahmed.tech@seu.edu.sa', '2', 'Success', NULL, '::1', 'Mozilla/5.0 (Windows NT 10.0; Win64; x64) AppleWebKit/537.36 (KHTML, like Gecko) Chrome/145.0.0.0 Safari/537.36', '2026-03-04 23:27:40'),
('110', 'admin@seu.edu.sa', '1', 'Success', NULL, '::1', 'Mozilla/5.0 (Windows NT 10.0; Win64; x64) AppleWebKit/537.36 (KHTML, like Gecko) Chrome/145.0.0.0 Safari/537.36', '2026-03-04 23:28:09'),
('111', 'ahmed.tech@seu.edu.sa', '2', 'Success', NULL, '::1', 'Mozilla/5.0 (Windows NT 10.0; Win64; x64) AppleWebKit/537.36 (KHTML, like Gecko) Chrome/145.0.0.0 Safari/537.36', '2026-03-04 23:28:35'),
('112', 'jameel.alhejely@seu.edu.sa', '10', 'Success', NULL, '::1', 'Mozilla/5.0 (Windows NT 10.0; Win64; x64) AppleWebKit/537.36 (KHTML, like Gecko) Chrome/145.0.0.0 Safari/537.36', '2026-03-04 23:29:56'),
('113', 'jameel.alhejely@seu.edu.sa', '10', 'Success', NULL, '::1', 'Mozilla/5.0 (Windows NT 10.0; Win64; x64) AppleWebKit/537.36 (KHTML, like Gecko) Chrome/145.0.0.0 Safari/537.36', '2026-03-04 23:52:05'),
('114', 'ahmed.tech@seu.edu.sa', '2', 'Success', NULL, '::1', 'Mozilla/5.0 (Windows NT 10.0; Win64; x64) AppleWebKit/537.36 (KHTML, like Gecko) Chrome/145.0.0.0 Safari/537.36', '2026-03-04 23:52:34'),
('115', 'S220053790@seu.edu.sa', '4', 'Success', NULL, '::1', 'Mozilla/5.0 (Windows NT 10.0; Win64; x64) AppleWebKit/537.36 (KHTML, like Gecko) Chrome/145.0.0.0 Safari/537.36', '2026-03-05 01:21:59'),
('116', 'jameel.alhejely@seu.edu.sa', '10', 'Success', NULL, '::1', 'Mozilla/5.0 (Windows NT 10.0; Win64; x64) AppleWebKit/537.36 (KHTML, like Gecko) Chrome/145.0.0.0 Safari/537.36', '2026-03-05 08:02:08'),
('117', 'admin@seu.edu.sa', '1', 'Success', NULL, '::1', 'Mozilla/5.0 (Windows NT 10.0; Win64; x64) AppleWebKit/537.36 (KHTML, like Gecko) Chrome/145.0.0.0 Safari/537.36', '2026-03-05 08:03:07'),
('118', 'ahmed.tech@seu.edu.sa', '2', 'Success', NULL, '::1', 'Mozilla/5.0 (Windows NT 10.0; Win64; x64) AppleWebKit/537.36 (KHTML, like Gecko) Chrome/145.0.0.0 Safari/537.36', '2026-03-05 08:04:15'),
('119', 'admin@seu.edu.sa', '1', 'Success', NULL, '::1', 'Mozilla/5.0 (Windows NT 10.0; Win64; x64) AppleWebKit/537.36 (KHTML, like Gecko) Chrome/145.0.0.0 Safari/537.36', '2026-03-05 08:13:39'),
('120', 'S220053790@seu.edu.sa', '4', 'Success', NULL, '::1', 'Mozilla/5.0 (Windows NT 10.0; Win64; x64) AppleWebKit/537.36 (KHTML, like Gecko) Chrome/145.0.0.0 Safari/537.36', '2026-03-05 08:40:39'),
('121', 'admin@seu.edu.sa', '1', 'Success', NULL, '::1', 'Mozilla/5.0 (Windows NT 10.0; Win64; x64) AppleWebKit/537.36 (KHTML, like Gecko) Chrome/145.0.0.0 Safari/537.36', '2026-03-05 08:41:58'),
('122', 'admin@seu.edu.sa', '1', 'Success', NULL, '::1', 'Mozilla/5.0 (Windows NT 10.0; Win64; x64) AppleWebKit/537.36 (KHTML, like Gecko) Chrome/145.0.0.0 Safari/537.36', '2026-03-11 06:46:47'),
('123', 'S220053790@seu.edu.sa', '4', 'Success', NULL, '::1', 'Mozilla/5.0 (Windows NT 10.0; Win64; x64) AppleWebKit/537.36 (KHTML, like Gecko) Chrome/145.0.0.0 Safari/537.36', '2026-03-11 06:48:00'),
('124', 'admin@seu.edu.sa', '1', 'Success', NULL, '::1', 'Mozilla/5.0 (Windows NT 10.0; Win64; x64) AppleWebKit/537.36 (KHTML, like Gecko) Chrome/145.0.0.0 Safari/537.36', '2026-03-11 06:48:33'),
('125', 'ahmed.tech@seu.edu.sa', '2', 'Success', NULL, '::1', 'Mozilla/5.0 (Windows NT 10.0; Win64; x64) AppleWebKit/537.36 (KHTML, like Gecko) Chrome/145.0.0.0 Safari/537.36', '2026-03-11 06:58:43'),
('126', 'user12342188@gmail.com', '12', 'Failed', 'Incorrect password', '::1', 'Mozilla/5.0 (Windows NT 10.0; Win64; x64) AppleWebKit/537.36 (KHTML, like Gecko) Chrome/145.0.0.0 Safari/537.36', '2026-03-11 06:59:00'),
('127', 'user12342188@gmail.com', '12', 'Success', NULL, '::1', 'Mozilla/5.0 (Windows NT 10.0; Win64; x64) AppleWebKit/537.36 (KHTML, like Gecko) Chrome/145.0.0.0 Safari/537.36', '2026-03-11 06:59:15'),
('128', 'admin@seu.edu.sa', '1', 'Success', NULL, '::1', 'Mozilla/5.0 (Windows NT 10.0; Win64; x64) AppleWebKit/537.36 (KHTML, like Gecko) Chrome/145.0.0.0 Safari/537.36', '2026-03-11 07:00:00'),
('129', 'admin@seu.edu.sa', '1', 'Success', NULL, '::1', 'Mozilla/5.0 (Windows NT 10.0; Win64; x64) AppleWebKit/537.36 (KHTML, like Gecko) Chrome/145.0.0.0 Safari/537.36', '2026-03-17 20:46:24'),
('130', 'S220053790@seu.edu.sa', '4', 'Success', NULL, '::1', 'Mozilla/5.0 (Windows NT 10.0; Win64; x64) AppleWebKit/537.36 (KHTML, like Gecko) Chrome/145.0.0.0 Safari/537.36', '2026-03-17 20:50:19'),
('131', 'jameel.alhejely@seu.edu.sa', '10', 'Success', NULL, '::1', 'Mozilla/5.0 (Windows NT 10.0; Win64; x64) AppleWebKit/537.36 (KHTML, like Gecko) Chrome/145.0.0.0 Safari/537.36', '2026-03-17 20:50:53'),
('132', 'ahmed.tech@seu.edu.sa', '2', 'Success', NULL, '::1', 'Mozilla/5.0 (Windows NT 10.0; Win64; x64) AppleWebKit/537.36 (KHTML, like Gecko) Chrome/145.0.0.0 Safari/537.36', '2026-03-17 20:51:33'),
('133', 'jameel.alhejely@seu.edu.sa', '10', 'Success', NULL, '::1', 'Mozilla/5.0 (Windows NT 10.0; Win64; x64) AppleWebKit/537.36 (KHTML, like Gecko) Chrome/145.0.0.0 Safari/537.36', '2026-03-17 20:52:10'),
('134', 'S220053790@seu.edu.sa', '4', 'Success', NULL, '::1', 'Mozilla/5.0 (Windows NT 10.0; Win64; x64) AppleWebKit/537.36 (KHTML, like Gecko) Chrome/145.0.0.0 Safari/537.36', '2026-03-17 21:00:33'),
('135', 'admin@seu.edu.sa', '1', 'Success', NULL, '::1', 'Mozilla/5.0 (Windows NT 10.0; Win64; x64) AppleWebKit/537.36 (KHTML, like Gecko) Chrome/145.0.0.0 Safari/537.36', '2026-03-17 23:01:37'),
('136', 'S220053790@seu.edu.sa', '4', 'Success', NULL, '::1', 'Mozilla/5.0 (Windows NT 10.0; Win64; x64) AppleWebKit/537.36 (KHTML, like Gecko) Chrome/145.0.0.0 Safari/537.36', '2026-03-17 23:37:48'),
('137', 'S220053790@seu.edu.sa', '4', 'Success', NULL, '::1', 'Mozilla/5.0 (Windows NT 10.0; Win64; x64) AppleWebKit/537.36 (KHTML, like Gecko) Chrome/146.0.0.0 Safari/537.36', '2026-03-31 18:29:37'),
('138', 'admin@seu.edu.sa', '1', 'Success', NULL, '::1', 'Mozilla/5.0 (Windows NT 10.0; Win64; x64) AppleWebKit/537.36 (KHTML, like Gecko) Chrome/146.0.0.0 Safari/537.36', '2026-03-31 18:30:35'),
('139', 'admin@seu.edu.sa', '1', 'Success', NULL, '::1', 'Mozilla/5.0 (Windows NT 10.0; Win64; x64) AppleWebKit/537.36 (KHTML, like Gecko) Chrome/146.0.0.0 Safari/537.36', '2026-03-31 20:03:48'),
('140', 'S220053790@seu.edu.sa', '4', 'Success', NULL, '::1', 'Mozilla/5.0 (Windows NT 10.0; Win64; x64) AppleWebKit/537.36 (KHTML, like Gecko) Chrome/146.0.0.0 Safari/537.36', '2026-03-31 20:05:08'),
('141', 'ahmed.tech@seu.edu.sa', '2', 'Success', NULL, '::1', 'Mozilla/5.0 (Windows NT 10.0; Win64; x64) AppleWebKit/537.36 (KHTML, like Gecko) Chrome/146.0.0.0 Safari/537.36', '2026-03-31 20:05:47'),
('142', 'admin@seu.edu.sa', '1', 'Success', NULL, '::1', 'Mozilla/5.0 (Windows NT 10.0; Win64; x64) AppleWebKit/537.36 (KHTML, like Gecko) Chrome/146.0.0.0 Safari/537.36', '2026-03-31 20:07:26'),
('143', 'S220053790@seu.edu.sa', '4', 'Success', NULL, '::1', 'Mozilla/5.0 (Windows NT 10.0; Win64; x64) AppleWebKit/537.36 (KHTML, like Gecko) Chrome/146.0.0.0 Safari/537.36', '2026-03-31 20:22:56'),
('144', 'S220053790@seu.edu.sa', '4', 'Success', NULL, '::1', 'Mozilla/5.0 (Windows NT 10.0; Win64; x64) AppleWebKit/537.36 (KHTML, like Gecko) Chrome/146.0.0.0 Safari/537.36', '2026-03-31 20:31:31'),
('145', 'admin@seu.edu.sa', '1', 'Success', NULL, '::1', 'Mozilla/5.0 (Windows NT 10.0; Win64; x64) AppleWebKit/537.36 (KHTML, like Gecko) Chrome/146.0.0.0 Safari/537.36', '2026-03-31 22:28:05'),
('146', 'S220053790@seu.edu.sa', '4', 'Success', NULL, '::1', 'Mozilla/5.0 (Windows NT 10.0; Win64; x64) AppleWebKit/537.36 (KHTML, like Gecko) Chrome/146.0.0.0 Safari/537.36', '2026-03-31 22:35:41'),
('147', 'admin@seu.edu.sa', '1', 'Success', NULL, '::1', 'Mozilla/5.0 (Windows NT 10.0; Win64; x64) AppleWebKit/537.36 (KHTML, like Gecko) Chrome/146.0.0.0 Safari/537.36', '2026-03-31 22:38:26'),
('148', 'S220053790@seu.edu.sa', '4', 'Success', NULL, '::1', 'Mozilla/5.0 (Windows NT 10.0; Win64; x64) AppleWebKit/537.36 (KHTML, like Gecko) Chrome/146.0.0.0 Safari/537.36', '2026-03-31 23:16:54'),
('149', 'user12342188@gmail.com', '12', 'Failed', 'Incorrect password', '::1', 'Mozilla/5.0 (Windows NT 10.0; Win64; x64) AppleWebKit/537.36 (KHTML, like Gecko) Chrome/146.0.0.0 Safari/537.36', '2026-04-01 03:21:31'),
('150', 'user12342188@gmail.com', '12', 'Failed', 'Incorrect password', '::1', 'Mozilla/5.0 (Windows NT 10.0; Win64; x64) AppleWebKit/537.36 (KHTML, like Gecko) Chrome/146.0.0.0 Safari/537.36', '2026-04-01 03:21:43'),
('151', 'user12342188@gmail.com', '12', 'Failed', 'Incorrect password', '::1', 'Mozilla/5.0 (Windows NT 10.0; Win64; x64) AppleWebKit/537.36 (KHTML, like Gecko) Chrome/146.0.0.0 Safari/537.36', '2026-04-01 03:21:52'),
('152', 'user12342188@gmail.com', '12', 'Success', NULL, '::1', 'Mozilla/5.0 (Windows NT 10.0; Win64; x64) AppleWebKit/537.36 (KHTML, like Gecko) Chrome/146.0.0.0 Safari/537.36', '2026-04-01 03:22:03'),
('153', 'admin@seu.edu.sa', '1', 'Success', NULL, '::1', 'Mozilla/5.0 (Windows NT 10.0; Win64; x64) AppleWebKit/537.36 (KHTML, like Gecko) Chrome/146.0.0.0 Safari/537.36', '2026-04-01 03:27:03'),
('154', 'user12342188@gmail.com', '12', 'Success', NULL, '::1', 'Mozilla/5.0 (Windows NT 10.0; Win64; x64) AppleWebKit/537.36 (KHTML, like Gecko) Chrome/146.0.0.0 Safari/537.36', '2026-04-01 03:28:34'),
('155', 'admin@seu.edu.sa', '1', 'Success', NULL, '::1', 'Mozilla/5.0 (Windows NT 10.0; Win64; x64) AppleWebKit/537.36 (KHTML, like Gecko) Chrome/146.0.0.0 Safari/537.36', '2026-04-01 03:32:23'),
('156', 'user12342188@gmail.com', '12', 'Success', NULL, '::1', 'Mozilla/5.0 (Windows NT 10.0; Win64; x64) AppleWebKit/537.36 (KHTML, like Gecko) Chrome/146.0.0.0 Safari/537.36', '2026-04-01 03:44:41'),
('157', 'admin@seu.edu.sa', '1', 'Success', NULL, '::1', 'Mozilla/5.0 (Windows NT 10.0; Win64; x64) AppleWebKit/537.36 (KHTML, like Gecko) Chrome/146.0.0.0 Safari/537.36', '2026-04-01 03:45:43'),
('158', 'S220053790@seu.edu.sa', '4', 'Success', NULL, '::1', 'Mozilla/5.0 (Windows NT 10.0; Win64; x64) AppleWebKit/537.36 (KHTML, like Gecko) Chrome/146.0.0.0 Safari/537.36', '2026-04-01 03:56:37'),
('159', 'S220053790@seu.edu.sa', '4', 'Success', NULL, '::1', 'Mozilla/5.0 (Windows NT 10.0; Win64; x64) AppleWebKit/537.36 (KHTML, like Gecko) Chrome/146.0.0.0 Safari/537.36', '2026-04-01 03:58:34'),
('160', 'admin@seu.edu.sa', '1', 'Success', NULL, '::1', 'Mozilla/5.0 (Windows NT 10.0; Win64; x64) AppleWebKit/537.36 (KHTML, like Gecko) Chrome/146.0.0.0 Safari/537.36', '2026-04-01 04:04:16'),
('161', 'ahmed.tech@seu.edu.sa', '2', 'Success', NULL, '::1', 'Mozilla/5.0 (Windows NT 10.0; Win64; x64) AppleWebKit/537.36 (KHTML, like Gecko) Chrome/146.0.0.0 Safari/537.36', '2026-04-01 04:15:11'),
('162', 'admin@seu.edu.sa', '1', 'Success', NULL, '::1', 'Mozilla/5.0 (Windows NT 10.0; Win64; x64) AppleWebKit/537.36 (KHTML, like Gecko) Chrome/146.0.0.0 Safari/537.36', '2026-04-01 04:23:31'),
('163', 'ahmed.tech@seu.edu.sa', '2', 'Success', NULL, '::1', 'Mozilla/5.0 (Windows NT 10.0; Win64; x64) AppleWebKit/537.36 (KHTML, like Gecko) Chrome/146.0.0.0 Safari/537.36', '2026-04-01 17:48:22'),
('164', 'admin@seu.edu.sa', '1', 'Success', NULL, '::1', 'Mozilla/5.0 (Windows NT 10.0; Win64; x64) AppleWebKit/537.36 (KHTML, like Gecko) Chrome/146.0.0.0 Safari/537.36', '2026-04-01 17:51:37'),
('165', 'S220053790@seu.edu.sa', '4', 'Success', NULL, '::1', 'Mozilla/5.0 (Windows NT 10.0; Win64; x64) AppleWebKit/537.36 (KHTML, like Gecko) Chrome/146.0.0.0 Safari/537.36', '2026-04-01 17:53:41'),
('166', 'user12342188@gmail.com', '12', 'Success', NULL, '::1', 'Mozilla/5.0 (Windows NT 10.0; Win64; x64) AppleWebKit/537.36 (KHTML, like Gecko) Chrome/146.0.0.0 Safari/537.36', '2026-04-04 20:36:14'),
('167', 'S220053790@seu.edu.sa', '4', 'Success', NULL, '::1', 'Mozilla/5.0 (Windows NT 10.0; Win64; x64) AppleWebKit/537.36 (KHTML, like Gecko) Chrome/146.0.0.0 Safari/537.36', '2026-04-04 20:36:27'),
('168', 'jameel.alhejely@seu.edu.sa', '10', 'Success', NULL, '::1', 'Mozilla/5.0 (Windows NT 10.0; Win64; x64) AppleWebKit/537.36 (KHTML, like Gecko) Chrome/146.0.0.0 Safari/537.36', '2026-04-04 20:36:39'),
('169', 'admin@seu.edu.sa', '1', 'Success', NULL, '::1', 'Mozilla/5.0 (Windows NT 10.0; Win64; x64) AppleWebKit/537.36 (KHTML, like Gecko) Chrome/146.0.0.0 Safari/537.36', '2026-04-04 20:40:08'),
('170', 'S220053790@seu.edu.sa', '4', 'Success', NULL, '::1', 'Mozilla/5.0 (Windows NT 10.0; Win64; x64) AppleWebKit/537.36 (KHTML, like Gecko) Chrome/146.0.0.0 Safari/537.36', '2026-04-04 20:49:32'),
('171', 'a.ym_95@hotmail.com', '4', 'Success', NULL, '::1', 'Mozilla/5.0 (Windows NT 10.0; Win64; x64) AppleWebKit/537.36 (KHTML, like Gecko) Chrome/146.0.0.0 Safari/537.36', '2026-04-04 20:52:53'),
('172', 'admin@seu.edu.sa', '1', 'Success', NULL, '::1', 'Mozilla/5.0 (Windows NT 10.0; Win64; x64) AppleWebKit/537.36 (KHTML, like Gecko) Chrome/146.0.0.0 Safari/537.36', '2026-04-04 20:54:25'),
('173', 'a.ym_95@hotmail.com', '4', 'Success', NULL, '::1', 'Mozilla/5.0 (Windows NT 10.0; Win64; x64) AppleWebKit/537.36 (KHTML, like Gecko) Chrome/146.0.0.0 Safari/537.36', '2026-04-05 21:35:08'),
('174', 'S220042171@seu.edu.sa', '6', 'Success', NULL, '::1', 'Mozilla/5.0 (Windows NT 10.0; Win64; x64) AppleWebKit/537.36 (KHTML, like Gecko) Chrome/146.0.0.0 Safari/537.36', '2026-04-05 21:38:11'),
('175', 'admin@seu.edu.sa', '1', 'Success', NULL, '::1', 'Mozilla/5.0 (Windows NT 10.0; Win64; x64) AppleWebKit/537.36 (KHTML, like Gecko) Chrome/146.0.0.0 Safari/537.36', '2026-04-05 21:46:42'),
('176', 'S220042171@seu.edu.sa', '6', 'Success', NULL, '::1', 'Mozilla/5.0 (Windows NT 10.0; Win64; x64) AppleWebKit/537.36 (KHTML, like Gecko) Chrome/146.0.0.0 Safari/537.36', '2026-04-05 21:47:18'),
('177', 'jameel.alhejely@seu.edu.sa', '10', 'Success', NULL, '::1', 'Mozilla/5.0 (Windows NT 10.0; Win64; x64) AppleWebKit/537.36 (KHTML, like Gecko) Chrome/146.0.0.0 Safari/537.36', '2026-04-05 21:55:04'),
('178', 'a.ym_95@hotmail.com', '10', 'Success', NULL, '::1', 'Mozilla/5.0 (Windows NT 10.0; Win64; x64) AppleWebKit/537.36 (KHTML, like Gecko) Chrome/146.0.0.0 Safari/537.36', '2026-04-05 21:56:21'),
('179', 'a.ym_95@hotmail.com', '10', 'Success', NULL, '::1', 'Mozilla/5.0 (Windows NT 10.0; Win64; x64) AppleWebKit/537.36 (KHTML, like Gecko) Chrome/146.0.0.0 Safari/537.36', '2026-04-06 01:31:36'),
('180', 'S220053790@seu.edu.sa', '4', 'Success', NULL, '::1', 'Mozilla/5.0 (Windows NT 10.0; Win64; x64) AppleWebKit/537.36 (KHTML, like Gecko) Chrome/146.0.0.0 Safari/537.36', '2026-04-06 16:21:54'),
('181', 'admin@seu.edu.sa', '1', 'Success', NULL, '::1', 'Mozilla/5.0 (Windows NT 10.0; Win64; x64) AppleWebKit/537.36 (KHTML, like Gecko) Chrome/146.0.0.0 Safari/537.36', '2026-04-06 16:41:13'),
('182', 'a.ym_95@hotmail.com', '10', 'Success', NULL, '::1', 'Mozilla/5.0 (Windows NT 10.0; Win64; x64) AppleWebKit/537.36 (KHTML, like Gecko) Chrome/146.0.0.0 Safari/537.36', '2026-04-06 16:44:00'),
('183', 'S220053790@seu.edu.sa', '4', 'Success', NULL, '::1', 'Mozilla/5.0 (Windows NT 10.0; Win64; x64) AppleWebKit/537.36 (KHTML, like Gecko) Chrome/146.0.0.0 Safari/537.36', '2026-04-06 16:54:10'),
('184', 'admin@seu.edu.sa', '1', 'Success', NULL, '::1', 'Mozilla/5.0 (Windows NT 10.0; Win64; x64) AppleWebKit/537.36 (KHTML, like Gecko) Chrome/146.0.0.0 Safari/537.36', '2026-04-06 16:58:46'),
('185', 'S220053790@seu.edu.sa', '4', 'Success', NULL, '::1', 'Mozilla/5.0 (Windows NT 10.0; Win64; x64) AppleWebKit/537.36 (KHTML, like Gecko) Chrome/146.0.0.0 Safari/537.36', '2026-04-06 17:02:50'),
('186', 'admin@seu.edu.sa', '1', 'Success', NULL, '::1', 'Mozilla/5.0 (Windows NT 10.0; Win64; x64) AppleWebKit/537.36 (KHTML, like Gecko) Chrome/146.0.0.0 Safari/537.36', '2026-04-06 17:07:54'),
('187', 'S220053790@seu.edu.sa', '4', 'Success', NULL, '::1', 'Mozilla/5.0 (Windows NT 10.0; Win64; x64) AppleWebKit/537.36 (KHTML, like Gecko) Chrome/146.0.0.0 Safari/537.36', '2026-04-06 20:47:47'),
('188', 'admin@seu.edu.sa', '1', 'Success', NULL, '::1', 'Mozilla/5.0 (Windows NT 10.0; Win64; x64) AppleWebKit/537.36 (KHTML, like Gecko) Chrome/146.0.0.0 Safari/537.36', '2026-04-06 20:48:43'),
('189', 'a.aalghamdi147@gmail.com', '11', 'Failed', 'Incorrect password', '::1', 'Mozilla/5.0 (Windows NT 10.0; Win64; x64) AppleWebKit/537.36 (KHTML, like Gecko) Chrome/146.0.0.0 Safari/537.36', '2026-04-08 21:17:04'),
('190', 'asdsd22@gmail.com', NULL, 'Failed', 'Email not found', '::1', 'Mozilla/5.0 (Windows NT 10.0; Win64; x64) AppleWebKit/537.36 (KHTML, like Gecko) Chrome/146.0.0.0 Safari/537.36', '2026-04-08 21:17:28'),
('191', 'S220053790@seu.edu.sa', '4', 'Success', NULL, '::1', 'Mozilla/5.0 (Windows NT 10.0; Win64; x64) AppleWebKit/537.36 (KHTML, like Gecko) Chrome/146.0.0.0 Safari/537.36', '2026-04-08 21:30:56'),
('192', 'a.aalghamdi147@gmail.com', '11', 'Failed', 'Incorrect password', '::1', 'Mozilla/5.0 (Windows NT 10.0; Win64; x64) AppleWebKit/537.36 (KHTML, like Gecko) Chrome/146.0.0.0 Safari/537.36', '2026-04-08 22:11:21'),
('193', 'user12342188@gmail.com', '12', 'Success', NULL, '::1', 'Mozilla/5.0 (Windows NT 10.0; Win64; x64) AppleWebKit/537.36 (KHTML, like Gecko) Chrome/146.0.0.0 Safari/537.36', '2026-04-08 22:11:36'),
('194', 'admin@seu.edu.sa', '1', 'Success', NULL, '::1', 'Mozilla/5.0 (Windows NT 10.0; Win64; x64) AppleWebKit/537.36 (KHTML, like Gecko) Chrome/146.0.0.0 Safari/537.36', '2026-04-08 22:27:50'),
('195', 'S220053790@seu.edu.sa', '4', 'Success', NULL, '::1', 'Mozilla/5.0 (Windows NT 10.0; Win64; x64) AppleWebKit/537.36 (KHTML, like Gecko) Chrome/146.0.0.0 Safari/537.36', '2026-04-08 23:44:48'),
('196', 'user12342188@gmail.com', '12', 'Failed', 'Incorrect password', '::1', 'Mozilla/5.0 (Windows NT 10.0; Win64; x64) AppleWebKit/537.36 (KHTML, like Gecko) Chrome/146.0.0.0 Safari/537.36', '2026-04-09 00:28:30'),
('197', 'user12342188@gmail.com', '12', 'Failed', 'Incorrect password', '::1', 'Mozilla/5.0 (Windows NT 10.0; Win64; x64) AppleWebKit/537.36 (KHTML, like Gecko) Chrome/146.0.0.0 Safari/537.36', '2026-04-09 00:28:41'),
('198', 'user12342188@gmail.com', '12', 'Failed', 'Incorrect password', '::1', 'Mozilla/5.0 (Windows NT 10.0; Win64; x64) AppleWebKit/537.36 (KHTML, like Gecko) Chrome/146.0.0.0 Safari/537.36', '2026-04-09 00:28:52'),
('199', 'user12342188@gmail.com', '12', 'Failed', 'Incorrect password', '::1', 'Mozilla/5.0 (Windows NT 10.0; Win64; x64) AppleWebKit/537.36 (KHTML, like Gecko) Chrome/146.0.0.0 Safari/537.36', '2026-04-09 00:29:03'),
('200', 'user12342188@gmail.com', '12', 'Failed', 'Incorrect password', '::1', 'Mozilla/5.0 (Windows NT 10.0; Win64; x64) AppleWebKit/537.36 (KHTML, like Gecko) Chrome/146.0.0.0 Safari/537.36', '2026-04-09 00:29:47'),
('201', 'user12342188@gmail.com', '12', 'Failed', 'Incorrect password', '::1', 'Mozilla/5.0 (Windows NT 10.0; Win64; x64) AppleWebKit/537.36 (KHTML, like Gecko) Chrome/146.0.0.0 Safari/537.36', '2026-04-09 00:29:56'),
('202', 'user12342188@gmail.com', '12', 'Failed', 'Incorrect password', '::1', 'Mozilla/5.0 (Windows NT 10.0; Win64; x64) AppleWebKit/537.36 (KHTML, like Gecko) Chrome/146.0.0.0 Safari/537.36', '2026-04-09 00:30:11'),
('203', 'user12342188@gmail.com', '12', 'Failed', 'Incorrect password', '::1', 'Mozilla/5.0 (Windows NT 10.0; Win64; x64) AppleWebKit/537.36 (KHTML, like Gecko) Chrome/146.0.0.0 Safari/537.36', '2026-04-09 00:30:18'),
('204', 'user12342188@gmail.com', '12', 'Failed', 'Incorrect password', '::1', 'Mozilla/5.0 (Windows NT 10.0; Win64; x64) AppleWebKit/537.36 (KHTML, like Gecko) Chrome/146.0.0.0 Safari/537.36', '2026-04-09 00:30:23'),
('205', 'admin@seu.edu.sa', '1', 'Success', NULL, '::1', 'Mozilla/5.0 (Windows NT 10.0; Win64; x64) AppleWebKit/537.36 (KHTML, like Gecko) Chrome/146.0.0.0 Safari/537.36', '2026-04-09 00:30:47'),
('206', 'user12342188@gmail.com', '12', 'Failed', 'Incorrect password', '::1', 'Mozilla/5.0 (Windows NT 10.0; Win64; x64) AppleWebKit/537.36 (KHTML, like Gecko) Chrome/146.0.0.0 Safari/537.36', '2026-04-09 00:31:23'),
('207', 'user12342188@gmail.com', '12', 'Success', NULL, '::1', 'Mozilla/5.0 (Windows NT 10.0; Win64; x64) AppleWebKit/537.36 (KHTML, like Gecko) Chrome/146.0.0.0 Safari/537.36', '2026-04-09 00:31:59'),
('208', 'admin@seu.edu.sa', '1', 'Success', NULL, '::1', 'Mozilla/5.0 (Windows NT 10.0; Win64; x64) AppleWebKit/537.36 (KHTML, like Gecko) Chrome/146.0.0.0 Safari/537.36', '2026-04-09 00:45:01'),
('209', 'admin@seu.edu.sa', '1', 'Success', NULL, '::1', 'Mozilla/5.0 (Windows NT 10.0; Win64; x64) AppleWebKit/537.36 (KHTML, like Gecko) Chrome/146.0.0.0 Safari/537.36', '2026-04-09 01:48:42'),
('210', 'admin@seu.edu.sa', '1', 'Success', NULL, '::1', 'Mozilla/5.0 (Windows NT 10.0; Win64; x64) AppleWebKit/537.36 (KHTML, like Gecko) Chrome/146.0.0.0 Safari/537.36', '2026-04-09 05:43:58');

-- ============================================
-- Table: maintenancerequest
-- ============================================
DROP TABLE IF EXISTS `maintenancerequest`;
CREATE TABLE `maintenancerequest` (
  `RequestID` int(11) NOT NULL AUTO_INCREMENT,
  `UserID` int(11) NOT NULL,
  `LocationID` int(11) NOT NULL,
  `CategoryID` int(11) NOT NULL,
  `PriorityID` int(11) NOT NULL,
  `StatusID` int(11) NOT NULL DEFAULT 1,
  `Title` varchar(200) NOT NULL,
  `Description` text NOT NULL,
  `SubmittedAt` timestamp NOT NULL DEFAULT current_timestamp(),
  `UpdatedAt` timestamp NOT NULL DEFAULT current_timestamp() ON UPDATE current_timestamp(),
  `CompletedAt` timestamp NULL DEFAULT NULL,
  PRIMARY KEY (`RequestID`),
  KEY `PriorityID` (`PriorityID`),
  KEY `idx_user` (`UserID`),
  KEY `idx_location` (`LocationID`),
  KEY `idx_category` (`CategoryID`),
  KEY `idx_status` (`StatusID`),
  KEY `idx_submitted` (`SubmittedAt`),
  KEY `idx_location_category` (`LocationID`,`CategoryID`),
  CONSTRAINT `maintenancerequest_ibfk_1` FOREIGN KEY (`UserID`) REFERENCES `user` (`UserID`),
  CONSTRAINT `maintenancerequest_ibfk_2` FOREIGN KEY (`LocationID`) REFERENCES `location` (`LocationID`),
  CONSTRAINT `maintenancerequest_ibfk_3` FOREIGN KEY (`CategoryID`) REFERENCES `category` (`CategoryID`),
  CONSTRAINT `maintenancerequest_ibfk_4` FOREIGN KEY (`PriorityID`) REFERENCES `priority` (`PriorityID`),
  CONSTRAINT `maintenancerequest_ibfk_5` FOREIGN KEY (`StatusID`) REFERENCES `status` (`StatusID`)
) ENGINE=InnoDB AUTO_INCREMENT=33 DEFAULT CHARSET=utf8mb4 COLLATE=utf8mb4_unicode_ci;

INSERT INTO `maintenancerequest` (`RequestID`, `UserID`, `LocationID`, `CategoryID`, `PriorityID`, `StatusID`, `Title`, `Description`, `SubmittedAt`, `UpdatedAt`, `CompletedAt`) VALUES
('1', '4', '6', '1', '3', '5', 'Broken AC', 'not working', '2026-01-21 22:47:19', '2026-01-21 23:03:24', '2026-01-21 23:03:24'),
('2', '4', '4', '3', '1', '5', 'sdasqwdqwd', 'dqwdqwdqwdqwdqwdqwdqwdqwdqwd', '2026-02-16 00:59:27', '2026-02-16 01:01:08', '2026-02-16 01:01:08'),
('3', '4', '6', '6', '2', '5', 'asdasdasdasd', 'asdasdasdasdasdasdasd', '2026-02-16 04:23:08', '2026-02-16 19:31:51', '2026-02-16 19:31:51'),
('4', '10', '6', '6', '2', '5', 'asdasdasdasdasd', 'asdasdasdasdasdasdasd', '2026-02-17 22:24:03', '2026-02-17 22:24:37', '2026-02-17 22:24:37'),
('5', '4', '6', '6', '2', '5', 'asdjhaslidjasd', 'asijdiasjdasjdasjdasjd', '2026-01-01 00:00:00', '2026-02-18 22:04:24', '2026-02-18 21:20:32'),
('6', '4', '1', '1', '3', '5', 'شسييشسيشسيشسيشسي', 'شسيشسيشسيشسيشسيشسيشيشس', '2026-02-18 22:02:51', '2026-02-18 22:04:49', '2026-02-18 22:04:49'),
('7', '4', '6', '6', '2', '5', 'asdasdasdasdasd', 'asdasdasdasdasdasdasdasda', '2026-03-03 00:58:41', '2026-03-03 03:02:39', '2026-03-03 01:25:09'),
('8', '4', '6', '6', '2', '5', 'يبليسبلشسثبشسثبشصثسبشصث', 'ثبلشسثبشصثقبصشثقبشصثق', '2026-03-03 01:37:05', '2026-03-03 01:37:41', '2026-03-03 01:37:41'),
('9', '7', '6', '3', '2', '5', 'srfwsaerfqweafweas', 'wefwefwefqwefwefwefwefwe', '2026-03-03 02:28:28', '2026-03-03 02:29:24', '2026-03-03 02:29:24'),
('10', '7', '6', '3', '2', '5', 'حخلتسبخحهلمتسيبخكلتسيقبلكخت', 'سيلظمنسىثتةلمنستيلهمتسيلنمتس', '2026-03-03 02:47:18', '2026-03-03 02:51:47', '2026-03-03 02:51:47'),
('11', '6', '6', '6', '2', '5', 'asdasdasdasdasdasd', 'asdasdasdasdasdasdasdas', '2026-03-03 02:54:56', '2026-03-03 02:58:10', '2026-03-03 02:58:10'),
('12', '8', '6', '6', '2', '5', 'asdfafasfdasdasdasd', 'aerfwaefqaefaefaewfqawfd', '2026-03-03 03:07:26', '2026-03-03 23:35:08', '2026-03-03 03:15:29'),
('13', '12', '6', '1', '2', '5', 'asdhjashdjashhj', 'akjsdhasjkhdaksdjahjh', '2026-03-04 00:22:52', '2026-03-04 21:37:39', '2026-03-04 21:37:39'),
('14', '12', '6', '6', '4', '5', '', 'No description provided', '2026-03-04 21:22:43', '2026-03-17 23:08:41', '2026-03-17 23:08:41'),
('15', '10', '6', '6', '2', '5', 'dfsdfs', 'dfsdfs', '2026-03-17 20:51:07', '2026-03-17 20:51:50', '2026-03-17 20:51:50'),
('16', '4', '6', '6', '2', '6', '', 'No description provided', '2026-03-31 22:35:55', '2026-03-31 22:38:33', NULL),
('17', '4', '6', '6', '2', '3', '', 'No description provided', '2026-03-31 23:17:10', '2026-04-09 01:56:07', NULL),
('18', '12', '6', '7', '2', '5', '', 'No description provided', '2026-04-01 03:22:31', '2026-04-01 03:27:52', '2026-04-01 03:27:52'),
('19', '12', '6', '5', '2', '5', '', 'No description provided', '2026-04-01 03:45:00', '2026-04-01 03:45:52', '2026-04-01 03:45:52'),
('20', '10', '6', '6', '2', '5', '', 'No description provided', '2026-04-04 20:36:52', '2026-04-04 20:56:15', '2026-04-04 20:56:15'),
('21', '10', '7', '5', '2', '5', '', 'No description provided', '2026-04-04 20:38:05', '2026-04-04 20:56:05', '2026-04-04 20:56:05'),
('26', '4', '6', '6', '2', '6', '', 'No description provided', '2026-04-06 16:22:22', '2026-04-06 16:22:56', NULL),
('27', '4', '6', '6', '2', '6', '', 'No description provided', '2026-04-06 16:35:48', '2026-04-06 16:36:07', NULL),
('28', '4', '6', '6', '2', '6', '', 'No description provided', '2026-04-06 16:38:13', '2026-04-06 16:38:36', NULL),
('29', '4', '6', '6', '2', '6', '', 'No description provided', '2026-04-06 16:54:19', '2026-04-06 16:54:49', NULL),
('30', '4', '6', '6', '2', '6', '', 'No description provided', '2026-04-06 20:48:00', '2026-04-06 20:48:26', NULL),
('31', '4', '6', '6', '2', '6', '', 'No description provided', '2026-04-08 23:59:42', '2026-04-09 00:00:17', NULL),
('32', '12', '6', '6', '2', '6', '', 'No description provided', '2026-04-09 00:32:48', '2026-04-09 00:33:25', NULL);

-- ============================================
-- Table: notification
-- ============================================
DROP TABLE IF EXISTS `notification`;
CREATE TABLE `notification` (
  `NotificationID` int(11) NOT NULL AUTO_INCREMENT,
  `UserID` int(11) NOT NULL,
  `Title` varchar(255) NOT NULL DEFAULT '',
  `RequestID` int(11) DEFAULT NULL,
  `Message` text NOT NULL,
  `IsRead` tinyint(1) DEFAULT 0,
  `CreatedAt` timestamp NOT NULL DEFAULT current_timestamp(),
  PRIMARY KEY (`NotificationID`),
  KEY `RequestID` (`RequestID`),
  KEY `idx_user` (`UserID`),
  KEY `idx_read` (`IsRead`),
  CONSTRAINT `notification_ibfk_1` FOREIGN KEY (`UserID`) REFERENCES `user` (`UserID`),
  CONSTRAINT `notification_ibfk_2` FOREIGN KEY (`RequestID`) REFERENCES `maintenancerequest` (`RequestID`) ON DELETE SET NULL
) ENGINE=InnoDB AUTO_INCREMENT=175 DEFAULT CHARSET=utf8mb4 COLLATE=utf8mb4_unicode_ci;

INSERT INTO `notification` (`NotificationID`, `UserID`, `Title`, `RequestID`, `Message`, `IsRead`, `CreatedAt`) VALUES
('3', '2', '', '1', 'New maintenance request #1 has been assigned to you', '1', '2026-01-21 23:02:37'),
('9', '2', '', '2', 'New maintenance request #2 has been assigned to you', '1', '2026-02-16 01:00:25'),
('15', '2', '', '3', 'New maintenance request #3 has been assigned to you', '1', '2026-02-16 19:30:54'),
('20', '3', '', '4', 'You have been auto-assigned to request #4', '0', '2026-02-17 22:24:03'),
('22', '10', '', '4', 'Your request #4 status changed to: Completed', '1', '2026-02-17 22:24:37'),
('25', '3', '', '5', 'You have been auto-assigned to request #5', '0', '2026-02-18 21:18:54'),
('30', '3', '', '6', 'You have been auto-assigned to request #6', '0', '2026-02-18 22:02:52'),
('38', '3', '', '7', 'You have been auto-assigned to request #7', '0', '2026-03-03 00:58:43'),
('45', '4', 'Request Status Updated', '7', 'Your request #7 status has been updated to: Completed', '1', '2026-03-03 01:32:15'),
('47', '4', 'Request Status Updated', '7', 'Your request #7 status has been updated to: Completed', '1', '2026-03-03 01:34:23'),
('50', '3', '', '8', 'You have been auto-assigned to request #8', '0', '2026-03-03 01:37:06'),
('52', '4', 'Request Status Updated', '8', 'Your request #8 status has been updated to: Completed', '1', '2026-03-03 01:37:41'),
('57', '2', '', '9', 'You have been auto-assigned to request #9', '1', '2026-03-03 02:28:30'),
('59', '7', 'Request Status Updated', '9', 'Your request #9 status has been updated to: Completed', '1', '2026-03-03 02:29:24'),
('62', '2', '', '10', 'You have been auto-assigned to request #10', '1', '2026-03-03 02:47:19'),
('64', '7', 'Request Status Updated', '10', 'Your request #10 status has been updated to: Completed', '0', '2026-03-03 02:51:47'),
('66', '2', '', '11', 'You have been auto-assigned to request #11', '1', '2026-03-03 02:54:57'),
('68', '6', 'Request Status Updated', '11', 'Your request #11 status has been updated to: Completed', '1', '2026-03-03 02:58:10'),
('69', '4', 'Request Status Updated', '7', 'Your request #7 status has been updated to: In Progress', '1', '2026-03-03 03:02:32'),
('70', '4', 'Request Status Updated', '7', 'Your request #7 status has been updated to: Completed', '1', '2026-03-03 03:02:39'),
('72', '2', '', '12', 'You have been auto-assigned to request #12', '1', '2026-03-03 03:07:27'),
('74', '8', 'Request Status Updated', '12', 'Your request #12 status has been updated to: Completed', '0', '2026-03-03 03:15:29'),
('76', '8', 'Request Status Updated', '12', 'Your request #12 status has been updated to: Assigned', '0', '2026-03-03 23:33:30'),
('77', '8', 'Request Status Updated', '12', 'Your request #12 status has been updated to: Completed', '0', '2026-03-03 23:35:08'),
('79', '2', '', '13', 'You have been auto-assigned to request #13', '1', '2026-03-04 00:22:54'),
('81', '12', '', '13', 'Your request #13 is now being worked on by a technician', '1', '2026-03-04 00:23:36'),
('82', '12', '', '13', 'Your request #13 has been completed! Please review and provide feedback.', '1', '2026-03-04 00:23:46'),
('83', '12', 'Request Status Updated', '13', 'Your request #13 status has been updated to: Pending', '1', '2026-03-04 00:31:42'),
('85', '2', '', '14', 'You have been auto-assigned to request #14', '1', '2026-03-04 21:22:45'),
('87', '12', '', '14', 'Your request #14 is now being worked on by a technician', '1', '2026-03-04 21:26:41'),
('88', '12', '', '14', 'Your request #14 has been completed! Please review and provide feedback.', '1', '2026-03-04 21:26:47'),
('89', '12', 'Request Status Updated', '13', 'Your request #13 status has been updated to: Completed', '1', '2026-03-04 21:30:25'),
('90', '12', 'Request Status Updated', '13', 'Your request #13 status has been updated to: Pending', '1', '2026-03-04 21:30:34'),
('91', '12', '', '13', 'Your request #13 is now being worked on by a technician', '1', '2026-03-04 21:37:22'),
('92', '12', '', '13', 'Your request #13 has been completed! Please review and provide feedback.', '1', '2026-03-04 21:37:39'),
('93', '12', 'Request Status Updated', '14', 'Your request #14 status has been updated to: Pending', '1', '2026-03-04 23:27:06'),
('94', '12', '', '14', 'Your request #14 is now being worked on by a technician', '1', '2026-03-04 23:27:48'),
('95', '12', 'Request Status Updated', '14', 'Your request #14 status has been updated to: Assigned', '1', '2026-03-04 23:28:15'),
('96', '12', '', '14', 'Your request #14 is now being worked on by a technician', '1', '2026-03-04 23:28:44'),
('97', '12', '', '14', 'Your request #14 has been completed! Please review and provide feedback.', '1', '2026-03-04 23:29:27'),
('98', '12', 'Request Status Updated', '14', 'Your request #14 status has been updated to: Assigned', '1', '2026-03-05 08:03:42'),
('99', '12', '', '14', 'Your request #14 is now being worked on by a technician', '1', '2026-03-05 08:06:40'),
('100', '12', '', '14', 'Your request #14 has been completed! Please review and provide feedback.', '1', '2026-03-05 08:06:50'),
('101', '12', 'Request Status Updated', '14', 'Your request #14 status has been updated to: Assigned', '1', '2026-03-11 07:00:13'),
('102', '12', 'Request Status Updated', '14', 'Your request #14 status has been updated to: Completed', '1', '2026-03-11 07:00:27'),
('104', '2', '', '15', 'You have been auto-assigned to request #15', '1', '2026-03-17 20:51:09'),
('106', '10', '', '15', 'Your request #15 is now being worked on by a technician', '1', '2026-03-17 20:51:42'),
('107', '10', '', '15', 'Your request #15 has been completed! Please review and provide feedback.', '1', '2026-03-17 20:51:50'),
('109', '12', 'Request Status Updated', '14', 'Your request #14 status has been updated to: Assigned', '1', '2026-03-17 23:08:19'),
('110', '12', 'Request Status Updated', '14', 'Your request #14 status has been updated to: Completed', '1', '2026-03-17 23:08:41'),
('112', '2', '', '16', 'You have been auto-assigned to request #16', '1', '2026-03-31 22:36:00'),
('114', '4', 'Request Status Updated', '16', 'Your request #16 status has been updated to: Cancelled', '1', '2026-03-31 22:38:33'),
('116', '3', '', '17', 'You have been auto-assigned to request #17', '0', '2026-03-31 23:17:12'),
('119', '2', '', '18', 'You have been auto-assigned to request #18', '1', '2026-04-01 03:22:33'),
('121', '12', 'Request Status Updated', '18', 'Your request #18 status has been updated to: In Progress', '1', '2026-04-01 03:27:12'),
('122', '12', 'Request Status Updated', '18', 'Your request #18 status has been updated to: Completed', '1', '2026-04-01 03:27:52'),
('123', '1', '', '19', 'New maintenance request #19 submitted by ayn', '1', '2026-04-01 03:45:00'),
('124', '2', '', '19', 'You have been auto-assigned to request #19', '1', '2026-04-01 03:45:04'),
('125', '1', '', '19', 'Request #19 was auto-assigned to Ahmed Hassan', '1', '2026-04-01 03:45:04'),
('126', '12', 'Request Status Updated', '19', 'Your request #19 status has been updated to: Completed', '0', '2026-04-01 03:45:52'),
('127', '4', 'Request Status Updated', '17', 'Your request #17 status has been updated to: Completed', '1', '2026-04-01 03:46:15'),
('128', '1', '', '20', 'New maintenance request #20 submitted by Dr. Jameel Alhejely', '1', '2026-04-04 20:36:52'),
('129', '2', '', '20', 'You have been auto-assigned to request #20', '0', '2026-04-04 20:36:55'),
('130', '1', '', '20', 'Request #20 was auto-assigned to Ahmed Hassan', '1', '2026-04-04 20:36:55'),
('131', '1', '', '21', 'New maintenance request #21 submitted by Dr. Jameel Alhejely', '1', '2026-04-04 20:38:05'),
('132', '3', '', '21', 'You have been auto-assigned to request #21', '0', '2026-04-04 20:38:08'),
('133', '1', '', '21', 'Request #21 was auto-assigned to Khalid Abdullah', '1', '2026-04-04 20:38:08'),
('134', '10', 'Request Status Updated', '21', 'Your request #21 status has been updated to: Completed', '1', '2026-04-04 20:56:05'),
('135', '10', 'Request Status Updated', '20', 'Your request #20 status has been updated to: Completed', '1', '2026-04-04 20:56:15'),
('148', '1', '', '26', 'New maintenance request #26 submitted by Ayman GH', '1', '2026-04-06 16:22:22'),
('149', '3', '', '26', 'You have been auto-assigned to request #26', '0', '2026-04-06 16:22:26'),
('150', '1', '', '26', 'Request #26 was auto-assigned to Khalid Abdullah', '1', '2026-04-06 16:22:26'),
('151', '1', '', '27', 'New maintenance request #27 submitted by Ayman GH', '1', '2026-04-06 16:35:48'),
('152', '3', '', '27', 'You have been auto-assigned to request #27', '0', '2026-04-06 16:35:52'),
('153', '1', '', '27', 'Request #27 was auto-assigned to Khalid Abdullah', '1', '2026-04-06 16:35:52'),
('154', '1', '', '28', 'New maintenance request #28 submitted by Ayman GH', '1', '2026-04-06 16:38:13'),
('155', '2', '', '28', 'You have been auto-assigned to request #28', '0', '2026-04-06 16:38:16'),
('156', '1', '', '28', 'Request #28 was auto-assigned to Ahmed Hassan', '1', '2026-04-06 16:38:16'),
('157', '1', '', '29', 'New maintenance request #29 submitted by Ayman GH', '1', '2026-04-06 16:54:19'),
('158', '2', '', '29', 'You have been auto-assigned to request #29', '0', '2026-04-06 16:54:19'),
('159', '1', '', '29', 'Request #29 was auto-assigned to Ahmed Hassan', '1', '2026-04-06 16:54:19'),
('160', '1', 'Request Cancelled by User', '29', 'Request #29 has been cancelled by the user within the 10-minute edit window.', '1', '2026-04-06 16:54:50'),
('161', '1', '', '30', 'New maintenance request #30 submitted by Ayman GH', '0', '2026-04-06 20:48:00'),
('162', '3', '', '30', 'You have been auto-assigned to request #30', '0', '2026-04-06 20:48:00'),
('163', '1', '', '30', 'Request #30 was auto-assigned to Khalid Abdullah', '0', '2026-04-06 20:48:00'),
('164', '1', 'Request Cancelled by User', '30', 'Request #30 has been cancelled by the user within the 10-minute edit window.', '0', '2026-04-06 20:48:28'),
('165', '1', '', '31', 'New maintenance request #31 submitted by Ayman GH', '0', '2026-04-08 23:59:42'),
('166', '2', '', '31', 'You have been auto-assigned to request #31', '0', '2026-04-08 23:59:42'),
('167', '1', '', '31', 'Request #31 was auto-assigned to Ahmed Hassan', '0', '2026-04-08 23:59:42'),
('168', '1', 'Request Cancelled by User', '31', 'Request #31 has been cancelled by the user within the 10-minute edit window.', '0', '2026-04-09 00:00:19'),
('169', '1', '', '32', 'New maintenance request #32 submitted by ayn', '0', '2026-04-09 00:32:48'),
('170', '2', '', '32', 'You have been auto-assigned to request #32', '0', '2026-04-09 00:32:48'),
('171', '1', '', '32', 'Request #32 was auto-assigned to Ahmed Hassan', '0', '2026-04-09 00:32:48'),
('172', '1', 'Request Cancelled by User', '32', 'Request #32 has been cancelled by the user within the 10-minute edit window.', '0', '2026-04-09 00:33:27'),
('173', '4', 'Request Status Updated', '17', 'Your request #17 status has been updated to: Pending', '0', '2026-04-09 01:49:07'),
('174', '4', 'Request Status Updated', '17', 'Your request #17 status has been updated to: Assigned', '0', '2026-04-09 01:56:07');

-- ============================================
-- Table: priority
-- ============================================
DROP TABLE IF EXISTS `priority`;
CREATE TABLE `priority` (
  `PriorityID` int(11) NOT NULL AUTO_INCREMENT,
  `PriorityLevel` varchar(50) NOT NULL,
  `Description` text DEFAULT NULL,
  PRIMARY KEY (`PriorityID`),
  UNIQUE KEY `PriorityLevel` (`PriorityLevel`)
) ENGINE=InnoDB AUTO_INCREMENT=5 DEFAULT CHARSET=utf8mb4 COLLATE=utf8mb4_unicode_ci;

INSERT INTO `priority` (`PriorityID`, `PriorityLevel`, `Description`) VALUES
('1', 'Low', 'Non-urgent issues, can wait up to a week'),
('2', 'Medium', 'Should be addressed within 2 days'),
('3', 'High', 'Urgent issue requiring next-day attention'),
('4', 'Critical', 'Emergency requiring immediate attention');

-- ============================================
-- Table: requestphoto
-- ============================================
DROP TABLE IF EXISTS `requestphoto`;
CREATE TABLE `requestphoto` (
  `PhotoID` int(11) NOT NULL AUTO_INCREMENT,
  `RequestID` int(11) NOT NULL,
  `PhotoPath` varchar(255) NOT NULL,
  `UploadedAt` timestamp NOT NULL DEFAULT current_timestamp(),
  PRIMARY KEY (`PhotoID`),
  KEY `idx_request` (`RequestID`),
  CONSTRAINT `requestphoto_ibfk_1` FOREIGN KEY (`RequestID`) REFERENCES `maintenancerequest` (`RequestID`) ON DELETE CASCADE
) ENGINE=InnoDB AUTO_INCREMENT=32 DEFAULT CHARSET=utf8mb4 COLLATE=utf8mb4_unicode_ci;

INSERT INTO `requestphoto` (`PhotoID`, `RequestID`, `PhotoPath`, `UploadedAt`) VALUES
('1', '1', '../uploads/requests/request_1_1769024839.jpg', '2026-01-21 22:47:19'),
('2', '2', '../uploads/requests/request_2_1771192767.png', '2026-02-16 00:59:27'),
('3', '4', '../uploads/requests/request_4_1771356243.png', '2026-02-17 22:24:03'),
('4', '5', '../uploads/requests/request_5_1771438733.jpg', '2026-02-18 21:18:53'),
('5', '6', '../uploads/requests/request_6_1771441371.png', '2026-02-18 22:02:51'),
('6', '7', '../uploads/requests/request_7_1772488721.png', '2026-03-03 00:58:41'),
('7', '8', '../uploads/requests/request_8_1772491025.png', '2026-03-03 01:37:05'),
('8', '9', '../uploads/requests/request_9_1772494108.png', '2026-03-03 02:28:28'),
('9', '10', '../uploads/requests/request_10_1772495238.png', '2026-03-03 02:47:18'),
('10', '11', '../uploads/requests/request_11_1772495696.png', '2026-03-03 02:54:56'),
('11', '12', '../uploads/requests/request_12_1772496446.png', '2026-03-03 03:07:26'),
('12', '13', '../uploads/requests/request_13_1772572972.png', '2026-03-04 00:22:52'),
('13', '14', '../uploads/requests/request_14_1772648563.png', '2026-03-04 21:22:43'),
('14', '15', '../uploads/requests/request_15_1773769867.png', '2026-03-17 20:51:07'),
('15', '16', '../uploads/requests/request_16_1774985755.png', '2026-03-31 22:35:55'),
('16', '17', '../uploads/requests/request_17_1774988230.png', '2026-03-31 23:17:10'),
('17', '18', '../uploads/requests/request_18_1775002951.png', '2026-04-01 03:22:31'),
('18', '19', '../uploads/requests/request_19_1775004300.png', '2026-04-01 03:45:00'),
('19', '20', '../uploads/requests/request_20_1775324212.png', '2026-04-04 20:36:52'),
('20', '21', '../uploads/requests/request_21_1775324285.png', '2026-04-04 20:38:05'),
('25', '26', '../uploads/requests/request_26_1775481742.png', '2026-04-06 16:22:22'),
('26', '27', '../uploads/requests/request_27_1775482548.png', '2026-04-06 16:35:48'),
('27', '28', '../uploads/requests/request_28_1775482693.png', '2026-04-06 16:38:13'),
('28', '29', '../uploads/requests/request_29_1775483659.png', '2026-04-06 16:54:19'),
('29', '30', '../uploads/requests/request_30_1775497680.png', '2026-04-06 20:48:00'),
('30', '31', '../uploads/requests/request_31_1775681982.png', '2026-04-08 23:59:42'),
('31', '32', '../uploads/requests/request_32_1775683968.png', '2026-04-09 00:32:48');

-- ============================================
-- Table: role
-- ============================================
DROP TABLE IF EXISTS `role`;
CREATE TABLE `role` (
  `RoleID` int(11) NOT NULL AUTO_INCREMENT,
  `RoleName` varchar(50) NOT NULL,
  PRIMARY KEY (`RoleID`),
  UNIQUE KEY `RoleName` (`RoleName`)
) ENGINE=InnoDB AUTO_INCREMENT=6 DEFAULT CHARSET=utf8mb4 COLLATE=utf8mb4_unicode_ci;

INSERT INTO `role` (`RoleID`, `RoleName`) VALUES
('1', 'Admin'),
('4', 'Faculty'),
('2', 'Technician'),
('3', 'User');

-- ============================================
-- Table: status
-- ============================================
DROP TABLE IF EXISTS `status`;
CREATE TABLE `status` (
  `StatusID` int(11) NOT NULL AUTO_INCREMENT,
  `StatusName` varchar(50) NOT NULL,
  `Description` text DEFAULT NULL,
  PRIMARY KEY (`StatusID`),
  UNIQUE KEY `StatusName` (`StatusName`)
) ENGINE=InnoDB AUTO_INCREMENT=7 DEFAULT CHARSET=utf8mb4 COLLATE=utf8mb4_unicode_ci;

INSERT INTO `status` (`StatusID`, `StatusName`, `Description`) VALUES
('1', 'Pending', 'Request submitted, awaiting review'),
('2', 'Reviewed', 'Request reviewed by admin'),
('3', 'Assigned', 'Assigned to technician'),
('4', 'In Progress', 'Technician working on the issue'),
('5', 'Completed', 'Issue resolved successfully'),
('6', 'Cancelled', 'Request cancelled');

-- ============================================
-- Table: statushistory
-- ============================================
DROP TABLE IF EXISTS `statushistory`;
CREATE TABLE `statushistory` (
  `HistoryID` int(11) NOT NULL AUTO_INCREMENT,
  `RequestID` int(11) NOT NULL,
  `OldStatusID` int(11) DEFAULT NULL,
  `NewStatusID` int(11) NOT NULL,
  `ChangedBy` int(11) NOT NULL,
  `ChangedAt` timestamp NOT NULL DEFAULT current_timestamp(),
  PRIMARY KEY (`HistoryID`),
  KEY `OldStatusID` (`OldStatusID`),
  KEY `NewStatusID` (`NewStatusID`),
  KEY `ChangedBy` (`ChangedBy`),
  KEY `idx_request` (`RequestID`),
  CONSTRAINT `statushistory_ibfk_1` FOREIGN KEY (`RequestID`) REFERENCES `maintenancerequest` (`RequestID`),
  CONSTRAINT `statushistory_ibfk_2` FOREIGN KEY (`OldStatusID`) REFERENCES `status` (`StatusID`),
  CONSTRAINT `statushistory_ibfk_3` FOREIGN KEY (`NewStatusID`) REFERENCES `status` (`StatusID`),
  CONSTRAINT `statushistory_ibfk_4` FOREIGN KEY (`ChangedBy`) REFERENCES `user` (`UserID`)
) ENGINE=InnoDB AUTO_INCREMENT=129 DEFAULT CHARSET=utf8mb4 COLLATE=utf8mb4_unicode_ci;

INSERT INTO `statushistory` (`HistoryID`, `RequestID`, `OldStatusID`, `NewStatusID`, `ChangedBy`, `ChangedAt`) VALUES
('1', '1', NULL, '1', '4', '2026-01-21 22:47:19'),
('2', '1', '1', '3', '1', '2026-01-21 23:02:37'),
('3', '1', '3', '4', '2', '2026-01-21 23:03:14'),
('4', '1', '4', '5', '2', '2026-01-21 23:03:24'),
('5', '2', NULL, '1', '4', '2026-02-16 00:59:27'),
('6', '2', '1', '3', '1', '2026-02-16 01:00:25'),
('7', '2', '3', '4', '2', '2026-02-16 01:01:03'),
('8', '2', '4', '5', '2', '2026-02-16 01:01:08'),
('9', '3', NULL, '1', '4', '2026-02-16 04:23:08'),
('10', '3', '1', '3', '1', '2026-02-16 19:30:54'),
('11', '3', '3', '4', '2', '2026-02-16 19:31:34'),
('12', '3', '4', '5', '2', '2026-02-16 19:31:51'),
('13', '4', NULL, '1', '10', '2026-02-17 22:24:03'),
('14', '4', '1', '3', '1', '2026-02-17 22:24:03'),
('15', '4', '3', '5', '1', '2026-02-17 22:24:37'),
('16', '5', NULL, '1', '4', '2026-02-18 21:18:53'),
('17', '5', '1', '3', '1', '2026-02-18 21:18:54'),
('18', '5', '3', '5', '1', '2026-02-18 21:20:32'),
('19', '6', NULL, '1', '4', '2026-02-18 22:02:51'),
('20', '6', '1', '3', '1', '2026-02-18 22:02:52'),
('21', '6', '3', '5', '1', '2026-02-18 22:04:49'),
('22', '7', NULL, '1', '4', '2026-03-03 00:58:41'),
('23', '7', '1', '3', '1', '2026-03-03 00:58:43'),
('24', '7', '3', '5', '1', '2026-03-03 01:25:09'),
('25', '7', '5', '5', '1', '2026-03-03 01:26:15'),
('26', '7', '5', '5', '1', '2026-03-03 01:26:19'),
('27', '7', '5', '5', '1', '2026-03-03 01:27:48'),
('28', '7', '5', '5', '1', '2026-03-03 01:29:56'),
('29', '7', '5', '5', '1', '2026-03-03 01:32:15'),
('30', '7', '5', '5', '1', '2026-03-03 01:34:23'),
('31', '8', NULL, '1', '4', '2026-03-03 01:37:05'),
('32', '8', '1', '3', '1', '2026-03-03 01:37:06'),
('33', '8', '3', '5', '1', '2026-03-03 01:37:41'),
('34', '9', NULL, '1', '7', '2026-03-03 02:28:28'),
('35', '9', '1', '3', '1', '2026-03-03 02:28:30'),
('36', '9', '3', '5', '1', '2026-03-03 02:29:24'),
('37', '10', NULL, '1', '7', '2026-03-03 02:47:18'),
('38', '10', '1', '3', '1', '2026-03-03 02:47:19'),
('39', '10', '3', '5', '1', '2026-03-03 02:51:47'),
('40', '11', NULL, '1', '6', '2026-03-03 02:54:56'),
('41', '11', '1', '3', '1', '2026-03-03 02:54:57'),
('42', '11', '3', '5', '1', '2026-03-03 02:58:10'),
('43', '7', '5', '4', '1', '2026-03-03 03:02:32'),
('44', '7', '4', '5', '1', '2026-03-03 03:02:39'),
('45', '12', NULL, '1', '8', '2026-03-03 03:07:26'),
('46', '12', '1', '3', '1', '2026-03-03 03:07:27'),
('47', '12', '3', '5', '1', '2026-03-03 03:15:29'),
('48', '12', '5', '3', '1', '2026-03-03 23:33:30'),
('49', '12', '3', '5', '1', '2026-03-03 23:35:08'),
('50', '13', NULL, '1', '12', '2026-03-04 00:22:52'),
('51', '13', '1', '3', '1', '2026-03-04 00:22:54'),
('52', '13', '3', '4', '2', '2026-03-04 00:23:36'),
('53', '13', '4', '5', '2', '2026-03-04 00:23:46'),
('54', '13', '5', '1', '1', '2026-03-04 00:31:42'),
('55', '14', NULL, '1', '12', '2026-03-04 21:22:43'),
('56', '14', '1', '3', '1', '2026-03-04 21:22:45'),
('57', '14', '3', '4', '2', '2026-03-04 21:26:41'),
('58', '14', '4', '5', '2', '2026-03-04 21:26:47'),
('59', '13', '1', '5', '1', '2026-03-04 21:30:25'),
('60', '13', '5', '1', '1', '2026-03-04 21:30:34'),
('61', '13', '3', '4', '2', '2026-03-04 21:37:22'),
('62', '13', '4', '5', '2', '2026-03-04 21:37:39'),
('63', '14', '5', '1', '1', '2026-03-04 23:27:06'),
('64', '14', '3', '4', '2', '2026-03-04 23:27:48'),
('65', '14', '4', '3', '1', '2026-03-04 23:28:15'),
('66', '14', '3', '4', '2', '2026-03-04 23:28:44'),
('67', '14', '4', '5', '2', '2026-03-04 23:29:27'),
('68', '14', '5', '3', '1', '2026-03-05 08:03:42'),
('69', '14', '3', '4', '2', '2026-03-05 08:06:40'),
('70', '14', '4', '5', '2', '2026-03-05 08:06:50'),
('71', '14', '5', '3', '1', '2026-03-11 07:00:13'),
('72', '14', '3', '5', '1', '2026-03-11 07:00:27'),
('73', '15', NULL, '1', '10', '2026-03-17 20:51:07'),
('74', '15', '1', '3', '1', '2026-03-17 20:51:09'),
('75', '15', '3', '4', '2', '2026-03-17 20:51:42'),
('76', '15', '4', '5', '2', '2026-03-17 20:51:50'),
('77', '14', '5', '3', '1', '2026-03-17 23:08:19'),
('78', '14', '3', '5', '1', '2026-03-17 23:08:41'),
('79', '16', NULL, '1', '4', '2026-03-31 22:35:55'),
('80', '16', '1', '3', '1', '2026-03-31 22:36:00'),
('81', '16', '3', '6', '1', '2026-03-31 22:38:33'),
('82', '17', NULL, '1', '4', '2026-03-31 23:17:10'),
('83', '17', '1', '3', '1', '2026-03-31 23:17:12'),
('84', '18', NULL, '1', '12', '2026-04-01 03:22:31'),
('85', '18', '1', '3', '1', '2026-04-01 03:22:33'),
('86', '18', '3', '4', '1', '2026-04-01 03:27:12'),
('87', '18', '4', '5', '1', '2026-04-01 03:27:52'),
('88', '19', NULL, '1', '12', '2026-04-01 03:45:00'),
('89', '19', '1', '3', '1', '2026-04-01 03:45:04'),
('90', '19', '3', '5', '1', '2026-04-01 03:45:52'),
('91', '17', '3', '5', '1', '2026-04-01 03:46:15'),
('92', '20', NULL, '1', '10', '2026-04-04 20:36:52'),
('93', '20', '1', '3', '1', '2026-04-04 20:36:55'),
('94', '21', NULL, '1', '10', '2026-04-04 20:38:05'),
('95', '21', '1', '3', '1', '2026-04-04 20:38:08'),
('96', '21', '3', '5', '1', '2026-04-04 20:56:05'),
('97', '20', '3', '5', '1', '2026-04-04 20:56:15'),
('106', '26', NULL, '1', '4', '2026-04-06 16:22:22'),
('107', '26', '1', '3', '1', '2026-04-06 16:22:26'),
('108', '26', '3', '6', '4', '2026-04-06 16:22:56'),
('109', '27', NULL, '1', '4', '2026-04-06 16:35:48'),
('110', '27', '1', '3', '1', '2026-04-06 16:35:52'),
('111', '27', '3', '6', '4', '2026-04-06 16:36:07'),
('112', '28', NULL, '1', '4', '2026-04-06 16:38:13'),
('113', '28', '1', '3', '1', '2026-04-06 16:38:16'),
('114', '28', '3', '6', '4', '2026-04-06 16:38:36'),
('115', '29', NULL, '1', '4', '2026-04-06 16:54:19'),
('116', '29', '1', '3', '1', '2026-04-06 16:54:19'),
('117', '29', '3', '6', '4', '2026-04-06 16:54:49'),
('118', '30', NULL, '1', '4', '2026-04-06 20:48:00'),
('119', '30', '1', '3', '1', '2026-04-06 20:48:00'),
('120', '30', '3', '6', '4', '2026-04-06 20:48:26'),
('121', '31', NULL, '1', '4', '2026-04-08 23:59:42'),
('122', '31', '1', '3', '1', '2026-04-08 23:59:42'),
('123', '31', '3', '6', '4', '2026-04-09 00:00:17'),
('124', '32', NULL, '1', '12', '2026-04-09 00:32:48'),
('125', '32', '1', '3', '1', '2026-04-09 00:32:48'),
('126', '32', '3', '6', '12', '2026-04-09 00:33:25'),
('127', '17', '5', '1', '1', '2026-04-09 01:49:07'),
('128', '17', '1', '3', '1', '2026-04-09 01:56:07');

-- ============================================
-- Table: user
-- ============================================
DROP TABLE IF EXISTS `user`;
CREATE TABLE `user` (
  `UserID` int(11) NOT NULL AUTO_INCREMENT,
  `RoleID` int(11) NOT NULL,
  `Name` varchar(100) NOT NULL,
  `Email` varchar(100) NOT NULL,
  `Password` varchar(255) NOT NULL,
  `Phone` varchar(20) DEFAULT NULL,
  `MaxRequestsPerWeek` int(11) DEFAULT 2,
  `CreatedAt` timestamp NOT NULL DEFAULT current_timestamp(),
  `LastResetAt` datetime DEFAULT NULL,
  PRIMARY KEY (`UserID`),
  UNIQUE KEY `Email` (`Email`),
  KEY `idx_email` (`Email`),
  KEY `idx_role` (`RoleID`),
  CONSTRAINT `user_ibfk_1` FOREIGN KEY (`RoleID`) REFERENCES `role` (`RoleID`)
) ENGINE=InnoDB AUTO_INCREMENT=14 DEFAULT CHARSET=utf8mb4 COLLATE=utf8mb4_unicode_ci;

INSERT INTO `user` (`UserID`, `RoleID`, `Name`, `Email`, `Password`, `Phone`, `MaxRequestsPerWeek`, `CreatedAt`, `LastResetAt`) VALUES
('1', '1', 'System Administrator', 'admin@seu.edu.sa', '$2y$10$/harbUMb9yj/uEpdNVSXYuwh21NeedO06y/OazYTBXMw00z45BkxS', '+966500000000', NULL, '2026-01-19 02:12:09', NULL),
('2', '2', 'Ahmed Hassan', 'ahmed.tech@seu.edu.sa', '$2y$10$/harbUMb9yj/uEpdNVSXYuwh21NeedO06y/OazYTBXMw00z45BkxS', '+966501111111', NULL, '2026-01-19 02:12:09', NULL),
('3', '2', 'Khalid Abdullah', 'khalid.tech@seu.edu.sa', '$2y$10$/harbUMb9yj/uEpdNVSXYuwh21NeedO06y/OazYTBXMw00z45BkxS', '+966501111112', NULL, '2026-01-19 02:12:09', NULL),
('4', '3', 'Ayman GH', 'S220053790@seu.edu.sa', '$2y$10$/harbUMb9yj/uEpdNVSXYuwh21NeedO06y/OazYTBXMw00z45BkxS', '+966502222221', '2', '2026-01-19 02:12:09', '2026-04-08 21:30:56'),
('5', '3', 'Al-Abbas AlQurashi', 'S220034953@seu.edu.sa', '$2y$10$/harbUMb9yj/uEpdNVSXYuwh21NeedO06y/OazYTBXMw00z45BkxS', '+966502222222', '2', '2026-01-19 02:12:09', NULL),
('6', '3', 'Omar Marzouq Almutairi', 'S220042171@seu.edu.sa', '$2y$10$/harbUMb9yj/uEpdNVSXYuwh21NeedO06y/OazYTBXMw00z45BkxS', '+966502222223', '2', '2026-01-19 02:12:09', '2026-04-05 21:38:11'),
('7', '3', 'Yahya Khalid Makhashin', 'S220043128@seu.edu.sa', '$2y$10$/harbUMb9yj/uEpdNVSXYuwh21NeedO06y/OazYTBXMw00z45BkxS', '+966502222224', '2', '2026-01-19 02:12:09', NULL),
('8', '3', 'Talal Althubyani', 'S220020268@seu.edu.sa', '$2y$10$/harbUMb9yj/uEpdNVSXYuwh21NeedO06y/OazYTBXMw00z45BkxS', '+966502222225', '2', '2026-01-19 02:12:09', NULL),
('9', '3', 'Abdulaziz Yousef Alharbi', 'S220006357@seu.edu.sa', '$2y$10$/harbUMb9yj/uEpdNVSXYuwh21NeedO06y/OazYTBXMw00z45BkxS', '+966502222226', '2', '2026-01-19 02:12:09', NULL),
('10', '4', 'Dr. Jameel Alhejely', 'a.ym_95@hotmail.com', '$2y$10$/harbUMb9yj/uEpdNVSXYuwh21NeedO06y/OazYTBXMw00z45BkxS', '+966503333333', '5', '2026-01-19 02:12:09', '2026-04-04 20:36:39'),
('11', '3', 'Ayman', 'a.aalghamdi147@gmail.com', '$2y$10$RwzUVcYoTUQWwnhj.TQlc.BYbB0ETsBanGyBpLYLsUKlwK27oHpRm', '', '2', '2026-01-21 02:27:13', NULL),
('12', '3', 'ayn', 'user12342188@gmail.com', '$2y$10$mgALkx3uidmYkuHVMnvW5OlsQBp8nMiYa7RgWizrUdaf.0JNmYEY2', '0509681670', '2', '2026-03-03 21:22:31', '2026-04-08 22:11:36'),
('13', '3', 'Ayman', 'user1232188@gmail.com', '$2y$10$AVo.lMMBI8/5Jc9V2BqePef2lGUws6ikah4pnPJYvSJMTUh9Ph5iq', '', '2', '2026-04-08 21:05:06', NULL);

SET FOREIGN_KEY_CHECKS = 1;
-- ============================================
-- Backup Complete
-- ============================================
